iou,utility_outage_hours,installed_pv_contractors,installed_pv_backchecks,installed_pv_contractors_v2,survey_outage_hours
1,68.84545,5,,3.904256,47.21363
1,-36.19788,0,,4.052685,30.01832
1,6.482478,5,0,0.9965386,-2.366269
1,41.71578,0,5.804589,5.860749,-11.73385
1,1.226015,5,,4.104105,0.7766552
1,-226.8083,0,,3.234365,112.7943
1,-2.075314,5,,3.907303,15.19344
1,-57.21117,0,5.477064,8.163918,23.79268
1,-62.0598,5.078319,,5.869374,95.48363
1,918.3445,3.313814,,1.15238,224.0596
1,814.6729,5,,3.378491,220.825
1,-57.0078,5,,3.813618,15.02702
1,0,5.064689,,3.797888,-10.83728
1,185.8903,5,,4.744749,100.9475
1,18.36644,5,,4.637117,-8.590281
1,133.565,5,0,3.410784,108.5937
1,339.0918,0,,8.293687,148.0594
1,478.4572,5,,4.316135,162.2449
1,51.54376,2.226447,,5.475915,71.71317
1,54.22007,5,0,1.223634,71.95038
1,137.931,3.245094,,9.034671,83.09396
1,-68.44313,3.786043,,5.851558,122.1041
1,-198.6585,5,,4.935437,57.0058
1,548.3323,5.636922,1.722698,4.423698,130.6996
1,-96.16132,5,,3.463887,87.16419
1,457.3851,5,,3.090809,120.2839
1,23.40896,5,,1.149258,19.69433
1,28.85468,5.418036,,2.293613,26.51961
1,87.12361,4.557981,,3.632063,25.31244
1,-333.4467,4.258874,,4.94496,134.5837
1,0,0,3.208757,4.722442,-11.32655
1,322.4362,0.1547497,,2.755824,188.4068
1,-203.1104,5,0,0.1685513,57.12186
1,1057.948,5,,0.6222713,168.1605
1,286.9977,5.547131,,6.430904,93.39029
1,-301.1377,1.763518,,2.988793,101.528
1,632.3827,1.265483,,2.27187,160.8168
1,9.689699,5,,2.560428,32.13154
1,84.72118,0,2.902257,6.46957,62.18781
1,-41.53303,5,,0.8507284,114.6551
1,94.04611,0,,6.492321,184.7727
1,-148.4589,5,,1.497877,77.45783
1,-25.04583,0,4.521481,5.379642,124.9797
1,408.5499,0,7.380743,11.36712,105.6226
1,235.853,5,,2.666035,102.1965
1,219.2024,4.964196,,4.099379,162.3718
1,-39.55571,5,,2.404974,34.64606
1,-9.481458,4.989279,0.0265004,1.249591,22.35121
1,716.6743,5,,4.855077,158.2412
1,-89.9939,2.612605,,4.001007,80.74316
1,394.0798,5,,4.724276,88.31765
1,99.01025,5,0,1.22815,60.37902
1,2.223509,0,4.700312,8.556643,5.886051
1,0,0,,11.19444,2.676215
1,-31.20189,5,0,4.935142,100.2741
1,318.0383,5,,2.716772,102.9198
1,77.84267,5,,1.052166,47.10864
1,0,0,,7.948761,7.490613
1,147.3436,5,0,0.0553065,198.339
1,-133.7941,5,0,4.209265,36.82927
1,-157.985,5,,1.093384,62.96525
1,-19.48526,0,,6.849562,66.17852
1,-297.8173,0,,8.987247,208.025
1,1.327934,5,0,4.595332,195.7307
1,151.1389,5,,1.741905,41.00994
1,-153.5767,0,,10.43307,95.99866
1,109.8985,4.79304,,1.947095,41.08136
1,78.64615,3.567831,,2.245341,8.317644
1,74.98831,1.455014,1.801513,4.881722,53.44386
1,330.269,5,,4.080019,78.49612
1,546.2972,8.608523,4.931876,6.529933,160.7323
1,84.02668,5,,3.701017,53.51827
1,18.31185,0,,6.296558,52.73635
1,216.184,4.925311,,0.1999156,65.89057
1,-788.2045,5,0,0.2763926,210.2891
1,164.9069,5,,3.668489,51.59135
1,0,5,,1.037043,8.25455
1,123.3656,12.14447,,11.11318,146.4311
1,-175.5865,0,,6.303069,88.98064
1,-0.0512634,1.998173,2.550516,4.820194,-6.328799
1,31.65448,0,3.930712,5.523242,10.80651
1,-108.2682,0,,11.31766,90.66392
1,-30.54297,1.492825,,6.1024,151.7344
1,-2.161835,5,,3.009637,8.032537
1,-223.8529,7.349484,11.00069,12.24205,102.672
1,93.69726,0,,13.29867,74.34436
1,14.85069,2.173524,,7.640584,57.30661
1,0,0,,6.011688,-12.83397
1,0,5,,4.116837,-14.37989
1,0,0,3.339611,3.669051,17.43596
1,-698.5012,0,7.517337,9.982384,125.7323
1,299.2728,5,,3.52258,58.07
1,66.56725,5,0,0.8085668,126.5577
1,-11.95496,0,,9.284159,158.6976
1,28.8531,5,0,1.471091,95.58074
1,0,0,3.828982,8.395749,9.054173
1,879.6538,8.055267,4.957178,7.302013,280.4121
1,49.9386,5,0,1.56024,120.5454
1,0,5,,3.825556,5.962379
1,88.95561,0,,15.12844,146.7752
1,0,5,,1.9169,5.570789
1,721.9492,0,3.00907,6.625158,142.7467
1,334.907,5,,2.657967,47.92639
1,6.150981,8.873301,,5.679572,-2.567946
1,-200.2936,2.159963,,6.715563,130.3661
1,167.5988,6.961447,,5.353064,13.7671
1,-62.17938,0,4.455412,5.143661,64.70409
1,0,5,,4.47721,17.28993
1,-36.52702,3.951524,1.806978,4.908015,73.25188
1,290.3633,0,7.505894,12.43732,126.2372
1,103.3797,8.878258,,9.900466,86.54008
1,453.8872,4.593217,0.4817757,4.278405,68.22633
1,295.731,0,,5.644061,118.9211
1,0,2.751513,,5.173146,-0.7068065
1,0,2.503834,,6.314795,22.7909
1,257.9866,5,,1.161622,103.7743
1,71.82548,5,,2.631587,56.52873
1,167.8447,4.054614,,4.019985,76.94318
1,453.8233,0,1.835506,2.020296,128.3292
1,0,5,,2.121019,11.68462
1,15.49471,0,,15.95699,31.45969
1,-2.266998,2.500877,,7.36658,60.03759
1,150.3074,2.601479,,2.713937,79.10366
1,108.3506,0,7.526383,9.511703,75.08792
1,-185.5517,2.679224,,4.734225,13.90225
1,0,0,2.003396,6.262951,-5.80961
1,10.7736,0,,14.4108,56.97538
1,0,2.693143,2.397397,7.091053,9.914898
1,46.77925,5,0,3.872783,72.0723
1,205.7763,2.345601,,5.274384,70.51723
1,0,0,,7.552514,-17.66168
1,62.08725,0,9.500268,13.07686,75.34601
1,5.732696,1.305643,1.861137,3.756852,136.5085
1,-5.793781,5,0,0.636069,9.911156
1,-207.8785,0,,8.499891,72.40853
1,481.4402,5,,0.0641713,141.0779
1,-55.42244,8.333061,,8.925349,114.9602
1,0,4.815991,,3.729535,9.671608
1,0,5,0,1.183287,14.31484
1,-16.76258,5,,0.7540565,124.8845
1,355.9251,0,,7.796514,142.6564
1,-179.2983,9.128563,,10.13828,75.71659
1,61.86779,2.393353,0.9359463,5.93559,173.992
1,-541.0868,5,,3.679159,182.379
1,324.2952,0,,11.8251,60.9556
1,0,5,,0.4938316,-14.38664
1,115.4516,0,7.061072,10.99189,131.6305
1,0,7.947316,4.425124,6.366343,-8.06074
1,389.6553,6.838188,4.157563,5.387157,82.92014
1,-4.984521,0,,13.63227,106.6642
1,23.01727,2.684487,,5.955629,-5.35029
1,198.4593,0,,14.66752,33.77267
1,0,2.947048,,7.822148,23.02303
1,483.574,0,2.794471,5.78128,57.22585
1,-50.11078,0,,10.62798,34.29956
1,1058.91,0,4.509231,8.10419,234.9612
1,-181.1346,0,2.786041,4.923453,50.15841
1,-94.27534,5,,1.681251,107.1202
1,-18.03829,4.99501,,5.044035,47.55196
1,-542.0063,0,,7.758279,200.2656
1,8.809882,8.250125,4.454884,4.875485,86.40424
1,13.08129,5,0,0.0754116,155.4421
1,268.0413,6.417183,14.98407,18.8408,146.9223
1,0,5,,3.866328,-12.95125
1,218.5066,5,,4.237896,171.16
1,-178.691,1.485675,4.639276,8.161905,61.6967
1,38.23493,0,4.238681,8.981363,43.15297
1,1.649791,0,2.80463,6.916591,26.51059
1,-6.0861,5,0,0.1757357,26.1244
1,-177.2821,5,0,1.984034,111.1516
1,-506.6868,0,11.37852,16.07554,155.728
1,642.686,5,,3.946059,59.15074
1,1073.315,0,,8.980136,191.4136
1,292.206,0.6013551,,6.127298,147.2377
1,500.9168,5,,0.8836558,93.48466
1,-131.6528,5,,1.919108,104.95
1,232.3322,1.944444,,3.970489,117.3905
1,88.07224,5,0,0.3718334,148.1644
1,0,0,,9.90567,21.94409
1,-5.652981,5.682657,,8.579439,160.8663
1,627.5256,0,4.156104,8.169908,92.02789
1,-147.4508,0,6.311791,8.422124,202.3132
1,-22.12967,5,,4.861351,56.55175
1,76.02922,5,,1.014933,45.62746
1,117.6426,0,,9.395041,51.53389
1,-23.04021,5,,3.282151,107.5035
1,16.13073,5,,1.231913,177.5145
1,57.09717,4.255585,,7.617396,13.23405
1,-267.929,5.675727,2.03532,3.428276,184.2717
1,0,0,,8.723492,-1.914131
1,-272.3062,0,,8.525949,87.3093
1,524.8986,0,,7.747629,62.82736
1,370.9756,0,,5.97212,118.2725
1,73.70846,5,0,1.470054,67.59035
1,0,0,,4.849376,1.37551
1,0,5,0,0.3871044,9.198025
1,169.8403,1.495011,,6.24279,74.22179
1,199.2103,0,2.267615,2.292686,75.89973
1,-134.162,5,0,4.019086,124.0889
1,15.08911,0,,5.481389,79.56507
1,-286.0478,4.569893,,8.399075,173.0004
1,163.0738,1.015636,,6.152485,214.983
1,294.9815,0,,8.965033,182.1578
1,-0.3975175,5,,0.7597695,84.34897
1,410.7917,4.000393,0.4482729,5.023066,104.2647
1,87.06282,0,,3.262562,103.7305
1,275.199,5,0,0.6253663,90.14371
1,-127.0459,5,0,2.763949,62.91087
1,-277.2273,1.666512,2.138911,2.675896,121.6399
1,-718.9594,4.670999,,6.039677,167.9442
1,170.2304,0,,8.893304,112.6175
1,156.2389,0,,5.485947,79.89162
1,-29.43307,4.23918,8.216537,11.60244,30.40212
1,281.5636,5,,3.779042,241.5826
1,0,7.917438,6.77018,9.951133,12.35048
1,0,0,7.907825,8.623917,-13.12708
1,131.7291,5,,1.270478,63.39182
1,0,3.67264,,2.626739,-8.658905
1,183.7953,6.012977,,10.74194,60.43488
1,-43.40422,10.10418,,8.073367,43.61958
1,0,4.83595,,4.155755,-6.598934
1,273.2125,4.828978,0.1110604,1.271582,199.4957
1,168.5522,1.805287,,2.85671,30.01664
1,0,0,3.892011,4.394124,-25.84151
1,240.4807,0,,9.071187,102.9613
1,89.65926,5,0,3.329395,111.7138
1,33.56213,4.320512,0.2907633,5.020145,34.71568
1,211.5588,6.125647,,2.213535,106.4208
1,89.17856,0,,9.283154,23.80862
1,115.0974,0,10.94538,13.80893,49.70568
1,544.9685,6.734332,,6.53162,166.2916
1,68.0862,5,0,2.200563,24.13453
1,293.0772,9.687271,,10.05724,95.27744
1,-2.428806,0,4.588521,6.999457,-2.565647
1,0,0,7.011054,7.510909,4.920011
1,257.2855,5,,3.655656,88.6407
1,-450.5023,1.727542,,1.72962,126.503
1,0,0,5.5379,6.298144,3.628088
1,134.7538,5,,4.412776,57.1351
1,0,5,0,2.602443,5.66657
1,0,5,,2.956313,-20.68874
1,334.4775,5,,2.927028,120.2859
1,389.4315,2.756993,3.452572,5.693567,112.0819
1,83.67814,5,,3.682249,100.9462
1,70.63799,0,,17.16274,23.20276
1,43.53679,1.954175,,3.619739,56.0221
1,-16.2061,5.707917,,3.228151,30.26685
1,-10.13488,5,0,0.2846301,33.94943
1,206.7627,0,,7.151203,134.5384
1,-278.1001,5,,2.806124,150.9136
1,-58.30728,0,,5.994123,150.8827
1,401.6582,0,,9.872602,116.2936
1,-30.20275,0,,11.01934,48.57432
1,788.0305,0,,9.997067,170.904
1,-84.52776,0,,10.46204,108.9561
1,1147.648,3.943509,,3.793465,184.4405
1,-265.9882,5,0,4.444875,44.25832
1,42.8969,3.99624,,2.420675,84.92514
1,-54.64161,0,,7.161278,80.21583
1,250.2028,5,,0.2940899,91.65135
1,221.9325,0,,9.854294,74.29118
1,198.3747,9.306492,,10.8914,52.6086
1,75.29025,8.26288,,10.03268,101.1065
1,0,0,,5.935344,-9.392935
1,-312.2635,9.878731,5.936679,8.534648,124.2101
1,-10.7653,11.06526,12.32303,15.75014,19.24415
1,-825.7119,11.09034,9.087635,10.45075,166.7786
1,-98.47141,2.665072,,3.274746,78.49579
1,85.20518,6.034561,,8.502579,79.30628
1,0,5,0,1.034899,0.0720896
1,0,2.502066,,5.979687,-4.80814
1,0,5,0,1.013334,-3.070104
1,-32.79498,5,,2.954396,24.81679
1,0,0,,6.413243,-21.71205
1,-9.110493,7.33957,4.35593,7.854669,106.7238
1,-503.8466,0,6.548497,9.515335,135.6963
1,82.49053,0.316767,3.404656,4.490684,31.98218
1,0,5.260023,2.158847,3.813708,23.15161
1,0,5.196312,5.322533,8.739736,-7.663383
1,0,5,,1.893163,7.219699
1,100.2568,5,0,2.597623,133.3138
1,54.17889,5,,2.552104,127.0259
1,-143.7792,5,,4.326871,123.573
1,-246.0969,0,,4.791012,130.0206
1,-226.0843,7.626372,,5.971566,94.73133
1,6.928563,4.624517,4.181859,6.049631,58.54798
1,-12.56098,0,7.020785,9.797183,7.703349
1,-73.77144,9.27904,,11.49687,212.3519
1,10.84032,3.873978,,4.650455,21.58323
1,292.8094,5,,1.258806,58.11889
1,-30.22006,0,7.604328,9.784907,28.50649
1,85.10355,5,,1.887846,53.13678
1,-224.3973,4.730927,0.4774865,4.617464,48.47006
1,0,0,,7.330201,-16.1372
1,126.3069,5,0,4.530898,78.96152
1,456.8269,4.266876,,4.978809,125.9705
1,136.3502,0,,5.786952,154.4854
1,0,5,0,2.944642,4.29161
1,-432.6525,0,6.781958,10.5088,206.4812
1,199.5886,5,0,2.839992,79.52336
1,-359.0439,5,0,3.425264,129.93
1,-201.8574,0,4.183217,6.890833,157.78
1,484.1799,5,,2.842684,101.215
1,0,0,4.819557,9.520857,-2.830067
1,-3.979006,5,0,0.6944056,23.20878
1,259.9024,5,0,1.139795,92.86149
1,-274.7559,5,,0.4191527,177.7359
1,519.667,0,,7.341553,128.5463
1,-2.841562,5,0,2.042436,16.75454
1,182.8513,0,,9.56176,119.1455
1,-46.79313,5,,2.299567,87.23371
1,-185.5139,0,9.535348,12.47894,29.66439
1,252.4051,5,,1.059738,75.02888
1,1160.022,9.658504,5.859023,6.03613,187.5791
1,220.8383,4.738566,,5.408706,68.98236
1,-201.418,0,,7.013296,72.13226
1,43.18617,5,,2.290486,-7.42491
1,0,5,0,4.93942,-1.561876
1,0,0,6.021001,7.276312,-16.29641
1,205.2896,5,,2.210598,99.15842
1,70.60096,5,0,1.246133,85.65122
1,15.32139,0,6.670546,8.300401,78.60003
1,0,5,0,1.097892,-2.591548
1,-21.98397,2.845349,1.031716,6.02734,10.10526
1,37.82648,5,0,1.017313,212.518
1,75.32634,5.535388,,2.263479,48.2679
1,-125.0525,0,6.487972,7.552254,96.9687
1,-326.8649,4.552476,0.1996448,1.452835,212.638
1,92.8036,0,,8.180018,87.6348
1,163.7005,0,,4.148385,103.9262
1,0,0,4.080463,8.273758,14.30744
1,68.37504,5,,0.0600019,18.09324
1,-347.6368,5,0,4.979412,118.5876
1,252.7482,0,,13.61207,176.5609
1,-298.987,5,,0.9106872,192.3089
1,163.7844,0,,6.243964,108.4474
1,467.943,4.479027,2.973404,3.829425,132.7416
1,743.1722,5,,3.492539,199.0422
1,-13.70689,3.146417,,5.734744,3.597686
1,-168.4351,5,,3.618449,102.8488
1,0,5,,2.623113,-2.959907
1,76.96841,5,,2.021194,83.54
1,226.3502,0,,3.676027,108.2094
1,112.289,4.504591,,2.570727,80.65159
1,-115.1697,5,0,0.8922529,166.0805
1,309.2628,5,,4.150769,58.72609
1,-22.31693,0,,10.99644,34.45313
1,441.9016,0,4.308278,7.862931,88.27487
1,37.30988,5,,0.0794708,82.5005
1,107.3757,0,,5.957886,109.1172
1,-26.54651,8.315075,,9.113114,63.51438
1,0,5,,1.485382,-2.07723
1,223.1284,4.039068,,0.58935,58.74458
1,135.8289,3.884185,,7.983442,96.17284
1,0,5,,3.266629,16.54868
1,-260.5857,2.629906,,1.915008,122.2794
1,-93.44724,5,,0.6418887,2.761203
1,3.500307,0,,8.42836,82.21206
1,309.1947,5,,4.046649,133.5999
1,24.45607,5,,0.7269265,9.726535
1,-391.889,5,0,1.990621,97.88958
1,-88.83595,5,,4.510721,104.3402
1,0,5,,4.673302,-23.85482
1,-6.478899,5,,1.224126,28.89111
1,0,2.705412,,4.539614,-22.20198
1,-14.51261,0,9.644995,11.09984,79.06822
1,189.0452,4.620918,,4.936861,85.8289
1,192.2423,5,,0.9182935,47.90725
1,-546.2574,3.661324,,3.752787,116.773
1,21.70984,0.5315343,5.185158,8.158626,19.26358
1,233.2009,5,,4.242682,168.4034
1,-157.384,0,4.476971,6.000751,169.8247
1,193.3311,0.7279509,1.196188,2.778206,96.72299
1,508.7909,5,,1.957709,150.0744
1,0,0.7157856,,7.663976,-1.409209
1,-359.1997,3.094218,11.96665,15.65378,105.2463
1,72.33747,7.922719,,6.778052,33.2855
1,1170.206,6.531807,,4.007683,236.3155
1,105.6411,5,,1.949876,89.32345
1,203.9854,5,0,1.364804,120.7617
1,0,0,6.512817,8.494833,-18.97695
1,-467.6208,5,,1.49079,289.9532
1,-141.4313,0,14.10828,16.43172,111.7305
1,-501.817,5,,3.998353,88.18924
1,271.3368,3.934041,,12.51919,66.8142
1,28.01912,0.9916607,,6.089257,20.82828
1,55.87589,1.202952,1.521653,4.889602,34.90023
1,2.654166,5,,0.8475778,-23.93925
1,76.95451,5,,3.519268,132.1023
1,623.8787,0,5.443634,7.745992,177.0668
1,-36.48066,5,,2.683417,54.48402
1,100.6207,5,,1.892157,28.27968
1,208.7519,5,0,2.141584,91.33034
1,-438.3804,4.917276,,9.918628,98.00086
1,0,5,,3.231955,0.5234075
1,138.8783,3.85461,,3.377914,133.2285
1,21.49233,0.1230878,,4.540315,122.2605
1,0,1.864356,,4.698742,-9.449881
1,16.2413,0,,8.985902,49.22863
1,389.4131,11.01754,,9.219536,71.88198
1,-49.2985,4.804256,,4.076571,43.95701
1,112.8418,0,6.305696,7.678448,129.6374
1,272.0655,5,,4.778173,73.70238
1,71.91586,5,0,4.92836,103.012
1,82.51025,1.890062,,7.52622,55.73712
1,-62.24504,3.132339,,3.617999,43.76765
1,55.3973,5,,4.068394,26.77765
1,129.7767,5,,0.4896707,115.9779
1,67.11623,5,0,4.747124,26.2568
1,59.22607,3.045089,,2.872374,27.39207
1,285.0234,5.983221,,3.86512,62.69499
1,0,5,0,2.060572,-7.829757
1,-1.909458,5,,2.897542,-0.6872846
1,461.1367,5,0,2.91727,112.2948
1,327.024,5,,3.51617,57.61217
1,0,0,,10.55944,-25.69245
1,491.0049,0,9.101434,11.31463,213.241
1,275.615,5,,2.795033,77.19588
1,348.4023,0.2362937,,2.867274,123.4099
1,148.5793,5,0,4.493034,113.7323
1,83.96895,7.038132,,9.6131,89.0294
1,0,0,6.834142,7.316448,13.0209
1,5.790391,5,0,1.147845,15.59081
1,608.6243,5,,0.7987293,154.5517
1,800.478,0,,12.22868,185.8474
1,25.57981,0,,9.497063,12.69404
1,974.7853,5,0,4.613246,195.6692
1,0,5,,0.7818209,2.895103
1,0,5,,3.985134,-24.13007
1,-210.547,5,,0.5564237,73.97126
1,-696.8014,0,,10.67305,132.1544
1,-923.826,2.938253,,5.772059,200.6327
1,195.2778,4.279895,9.22116,11.4079,63.71909
1,133.7433,5,,1.410924,93.42619
1,-158.8548,5.195037,,0.5401896,96.17722
1,-30.21501,0,6.25896,8.265494,58.61039
1,-74.467,0,,8.252496,30.58276
1,-91.3498,6.027197,,13.1271,19.48862
1,0,5.686947,,8.627574,-17.05896
1,313.0019,0,11.42688,14.62368,199.3119
1,7.164937,5,,0.8332558,-4.335353
1,277.9995,5.356744,,0.7062514,93.71169
1,-320.7035,6.029291,,2.416128,103.4278
1,0,5,,1.186935,5.772999
1,-218.0987,1.62776,2.579479,5.661595,163.4962
1,-181.3091,1.321675,3.530526,4.59331,101.5899
1,0,5.887331,4.498307,6.768516,4.300757
1,0,5,,0.0570077,-8.082976
1,207.9911,0,,8.158998,61.32337
1,503.5323,4.874291,1.460166,2.318545,75.07287
1,-30.77625,0,,4.201007,34.43493
1,16.8767,9.249854,,13.73801,37.19968
1,15.90365,5,,4.221276,85.8941
1,668.8779,0,7.118281,7.648519,163.2973
1,53.40084,7.228285,,7.149035,134.8839
1,0,5,0,2.885373,-4.329364
1,37.20171,5.77898,3.523345,4.980274,144.1058
1,897.7036,5,,2.925946,154.6306
1,289.7127,5,,2.678238,73.33538
1,103.8313,5,,4.668868,25.03968
1,-65.65179,7.084414,,6.785382,176.0047
1,-1.534618,0,6.908849,9.908961,3.617294
1,-0.9368491,0,,13.25047,99.47925
1,0,5,0,1.695315,24.27591
1,0,5,,4.935388,8.531387
1,-23.9178,11.53101,7.162183,8.329185,19.08648
1,-0.5512211,1.932614,,5.974607,16.41709
1,641.0092,4.348238,,4.878074,160.113
1,16.42717,5,,4.902363,21.42619
1,857.1409,0,,7.165423,168.197
1,-92.62419,5.498996,,2.778028,82.17715
1,103.1397,0,2.670893,4.06746,24.81122
1,69.71601,5,,4.272016,159.3607
1,-209.9884,0,4.003294,4.822564,53.76418
1,0,5,0,0.204983,-3.104793
1,214.0843,5,,2.251218,84.94058
1,198.2344,5,,1.883096,166.9766
1,-79.27288,5,,4.250905,46.77264
1,-349.603,5,0,2.560496,143.7245
1,0,5,0,2.426208,-12.14283
1,0,4.852949,0.4259102,2.440521,-2.350974
1,0,5,,2.229495,-4.593356
1,520.0903,0,6.595273,10.47589,116.7669
1,-54.52939,0,,14.43945,82.30013
1,38.15176,5,,0.1682385,79.75607
1,-245.8266,0,,4.381587,69.61479
1,-18.03393,0,,7.711461,86.80585
1,1234.135,0,,9.694322,301.949
1,0,5,,1.433104,18.43945
1,27.41565,0,3.577915,8.226524,-2.924319
1,223.6439,4.565961,,5.387341,73.16
1,779.847,5.155903,,4.738966,205.7286
1,-262.6306,3.868342,,3.766027,143.3777
1,121.6561,5,,4.997415,238.4407
1,191.0791,5,0,2.23898,75.60242
1,188.6144,5,,0.5815755,68.18394
1,-62.54366,5,,4.540081,200.8655
1,-99.4301,6.225913,,7.498262,109.6156
1,202.0094,5,,0.8188615,63.19485
1,147.0154,5,,4.13719,90.84049
1,-117.8915,5,,3.406227,55.97149
1,0,4.896575,,7.877919,14.89161
1,-301.1734,5,,3.700123,188.5258
1,125.1068,5,,3.345977,92.03166
1,75.97026,5,,3.938164,5.306401
1,-89.65372,5,,3.979382,65.40286
1,-2.266543,5,,4.10087,15.57442
1,-322.8353,0,,17.59854,150.4891
1,0,0,5.643457,10.5729,10.97345
1,-55.75127,4.10256,,2.000616,56.5052
1,-476.6743,3.252814,,2.371813,115.9111
1,4.631454,5,0,4.257474,74.08729
1,61.50785,0,,8.835471,39.13977
1,579.3024,6.645081,4.035556,4.904443,105.0856
1,1072.639,5,,1.745434,228.9777
1,432.9973,5.263595,,3.96809,134.2827
1,-731.7332,6.428851,,5.945899,143.3635
1,-31.36424,0,,12.42294,43.51878
1,0,0,,4.949757,14.04523
1,21.25874,5,,4.904594,28.84586
1,0,6.594866,1.990774,5.674954,-14.97285
1,230.949,0,6.257174,6.948554,138.8728
1,377.2585,0,,4.986288,200.1625
1,36.00216,5,,2.110468,34.52457
1,259.3877,5,,4.951753,43.7314
1,410.3848,4.185575,,1.585397,102.8417
1,0,3.615126,,4.676244,-0.8071752
1,0,8.772914,5.485286,5.615197,16.9293
1,721.1761,3.674438,0.3999084,4.970766,136.9974
1,69.7767,1.597068,,4.921944,44.08723
1,475.5974,5.99765,,10.82358,181.8246
1,0,5,0,0.3335426,3.309158
1,463.8706,5,,4.534531,164.5644
1,-720.3143,5,,3.737249,89.6883
1,63.79482,5,0,3.022564,26.20563
1,160.0088,5,,1.671732,168.4825
1,-156.1373,0,14.6313,15.98443,66.64076
1,11.2887,3.534631,,4.303285,0.8664284
1,77.05127,5,,1.831784,66.54765
1,662.0199,0.6764976,1.621304,6.515248,161.697
1,9.192115,3.357113,,3.697486,14.22995
1,697.7935,5,,1.175998,203.9424
1,109.723,0,,7.33351,96.10075
1,46.97586,10.78376,,15.05255,69.50729
1,233.8029,5,,4.868362,132.388
1,87.95409,0,11.44222,15.6082,132.8114
1,-306.8092,5,,3.219866,90.73267
1,51.94996,0,,5.494863,55.46688
1,-75.55748,2.884808,2.559453,2.975737,78.48811
1,11.33128,5,0,4.024489,66.13177
1,542.1808,0,10.24763,14.71543,160.4612
1,834.6652,5,,2.377436,87.6229
1,747.4634,0,5.576616,6.003582,224.4701
1,-381.6225,0,8.354792,9.60074,245.0176
1,141.0854,5,,2.751611,175.0587
1,52.14377,4.718494,9.212231,12.12651,170.1937
1,159.7841,5,,4.36259,103.8445
1,111.7168,5,,0.5845632,91.32482
1,161.5238,0,8.327533,11.63903,36.83472
1,44.9906,0.2347554,,6.981885,43.11026
1,-8.63775,5,,0.0478883,75.56963
1,266.4933,0,,7.076808,109.9996
1,0,5,,1.630272,-3.911202
1,-226.1234,0,4.116096,5.139917,123.0212
1,233.8979,5,0,3.611838,214.0819
1,224.4176,7.087623,,4.590788,116.3576
1,166.1829,5,,3.285931,43.43409
1,8.445497,5,0,4.408032,70.84851
1,-6.819872,5,0,3.716452,21.77447
1,111.1626,5,0,0.695726,79.59053
1,-3.765631,5,0,2.455295,109.4704
1,0,0.0593584,4.958226,5.362596,8.668588
1,-1.211642,5,,1.535901,-1.610566
1,0,0,,5.579826,23.85242
1,-208.9885,9.80883,,11.47571,99.65156
1,266.5503,5,,4.561355,152.2373
1,-223.6284,11.92454,9.506296,9.838076,142.8557
1,174.845,0,,13.79695,60.83714
1,54.28594,4.564009,2.619042,3.991218,122.0246
1,55.90514,8.24369,4.492088,7.754317,61.03858
1,-91.97996,5,,0.5876729,106.0494
1,-116.8952,0,,10.76669,41.34893
1,0,8.421857,,8.80712,-8.297992
1,213.5624,0,,11.31923,89.99907
1,-8.142735,0,6.206403,10.1605,60.48399
1,220.3606,2.759854,,3.22194,119.4484
1,0,0,,4.497995,10.28908
1,-89.93353,0,6.989111,10.44545,86.52464
1,-260.3439,0,,7.226903,50.85501
1,0,6.700937,,6.646061,-1.337848
1,-159.1827,0,4.725925,6.430347,88.42041
1,-58.98558,0,,12.29136,85.98228
1,230.6807,0,,9.57193,192.4619
1,456.954,5,,3.558794,156.2383
1,25.41153,6.92682,4.7295,7.15172,83.1285
1,-154.4329,5,0,3.40651,74.1293
1,37.51655,5,,4.514138,38.48296
1,0,5,0,4.456633,-25.05761
1,0,4.903231,2.62849,5.793935,7.225838
1,0,5,0,1.871004,-7.602264
1,91.76538,0,,7.252148,33.3237
1,0,0,,9.049056,2.316152
1,-48.38296,5,,4.655934,48.68283
1,-295.6058,3.973744,1.89999,4.58735,111.798
1,8.250097,6.895815,3.673673,4.790808,74.85197
1,728.7216,1.952021,,6.953449,229.2734
1,105.2431,0,,4.811168,98.74062
1,-171.9063,5,,1.574244,106.406
1,0.7462268,0,,12.37561,40.70169
1,58.1087,0,,9.28623,73.2757
1,94.79823,2.352897,,8.857203,139.9591
1,0,0,,5.466329,-2.897344
1,-71.04597,5,0,3.240067,60.55234
1,228.0873,5,,0.4507958,140.6682
1,14.84243,5,,1.155013,-4.981644
1,-34.21059,0,,10.67531,56.8012
1,-39.12572,5,,3.484202,15.80795
1,0,5,0,1.941932,-2.550725
1,-10.85172,5,0,0.5826409,17.12264
1,232.3735,1.166586,,7.221883,183.8531
1,532.7842,2.815736,,5.669938,178.299
1,-5.924774,0,,2.881713,-5.856466
1,232.8854,0,,8.326901,66.1924
1,20.34864,3.104841,,9.063042,45.17266
1,0,0,6.286853,10.63463,-5.763238
1,3.27,5,,4.13856,52.28032
1,618.2181,0,6.190495,6.84107,196.0653
1,491.6513,5,,1.206337,176.1077
1,0,5,,0.0605046,-13.04367
1,-1483.89,0,3.831322,7.048049,280.8854
1,0,5,0,3.174523,11.65613
1,-83.38601,5,0,0.1499977,40.65483
1,70.00184,0,3.699311,8.481194,248.2477
1,-235.7341,4.051772,0.6572168,4.76376,104.8793
1,-131.4173,5,,2.51401,120.812
1,383.8146,1.387702,6.36295,8.59613,102.6611
1,0,5,,1.614543,8.161532
1,122.2907,0,,5.742094,20.0293
1,-280.3625,5,,4.048965,158.67
1,-128.7807,0,,10.76162,41.61187
1,0,5,0,2.120578,10.20191
1,-185.8915,0,5.264439,7.439198,101.1421
1,0,0,,13.72472,18.0544
1,92.93822,5,,1.118237,117.604
1,472.5291,0,,11.54273,97.4726
1,89.39852,5,0,3.303273,212.3552
1,594.4088,5,0,3.406484,98.88199
1,0,5,0,4.836203,8.709835
1,-162.6082,0,,9.79819,139.0574
1,0,5,,3.237022,12.80243
1,-66.0069,5,0,1.4655,90.04605
1,0,1.22786,3.179019,6.764011,-16.64202
1,-9.21212,5,0,3.088752,1.945648
1,-118.2538,1.668689,2.389612,2.58545,141.9454
1,25.91333,5,0,2.571808,116.1367
1,-18.34086,0,,8.05388,18.94979
1,194.2479,5,,4.464208,68.98861
1,0,5,,4.662233,-11.27856
1,204.4734,4.454524,,6.17528,45.49414
1,-601.6355,5,,2.124768,80.91958
1,1303.978,3.666836,,2.377734,206.2155
1,0,4.960879,0.0249043,1.537905,8.425231
1,77.57316,1.403511,1.505524,5.491263,42.92755
1,30.18058,5,,2.33394,20.60347
1,-359.2412,0,,9.582082,174.4243
1,0,0,6.776872,10.47603,-0.2858588
1,-509.6672,5,0,1.398009,134.0482
1,5.023357,1.976743,,4.528651,26.1424
1,-7.928969,0,2.359432,3.042372,19.57011
1,-12.61429,5,,4.378433,5.726169
1,-63.9044,5,,4.134623,110.9874
1,404.6087,4.336297,,11.86502,128.6852
1,0,5,,2.494243,-3.264304
1,-5.139664,5.922974,,7.64403,125.3036
1,-263.7391,0,2.742412,6.657197,75.15678
1,67.30284,5,,0.4829611,29.98941
1,51.27192,5,,3.564721,93.49344
1,16.24575,0,3.24743,7.404509,13.39341
1,89.14969,5.205981,,1.18433,102.0654
1,-184.895,5,0,0.4615039,69.80915
1,259.54,0,3.151972,5.104591,183.6602
1,-176.1924,5,0,1.286217,68.07407
1,-463.1859,5,0,0.4187394,160.4937
1,-40.20076,0,,12.44627,39.03988
1,55.59098,5,0,0.5830722,17.65987
1,387.7631,5.155205,,6.311047,178.8851
1,0,0.2427017,,4.272793,21.07212
1,-187.1275,0,3.174062,6.74969,136.9415
1,58.34991,5,0,2.854759,75.19389
1,1034.308,13.61009,,11.45075,181.0209
1,429.4658,5,0,2.233659,181.8774
1,435.6494,5,,1.175527,82.36367
1,-3.648145,0,,9.525219,-4.489933
1,-152.746,4.749301,,2.65264,56.98342
1,-9.897353,5,0,1.774727,31.95653
1,-119.8827,5,0,4.849104,176.4964
1,-74.22257,13.15122,11.37929,14.04528,291.4398
1,-113.1802,5,0,4.696689,106.2299
1,12.68464,5,,1.727619,45.00851
1,0,7.46741,5.120809,7.281821,8.603428
1,79.58744,3.487231,,7.659683,106.1541
1,13.69106,0,,3.883681,33.93557
1,-6.646246,0,,5.327682,9.487183
1,24.05687,5,0,3.477886,27.5521
1,0,5,,4.576159,8.917084
1,58.46537,5.410117,,3.574697,33.37306
1,170.6153,4.315002,,0.80231,19.49627
1,-57.04489,0,7.329873,9.120897,33.00952
1,-35.17609,5,,3.092174,130.884
1,103.213,4.83684,,7.218997,36.13319
1,0,5,0,3.40319,-5.057737
1,236.3846,5,,0.7708505,129.31
1,225.6318,0,3.50974,6.074832,76.9637
1,638.5635,5,,2.480393,202.4166
1,-138.6288,3.540985,6.716875,10.041,146.8096
1,191.9414,10.92847,8.445168,10.24275,85.22252
1,-157.2181,4.77026,,4.807898,173.4678
1,-126.1234,5,,3.909644,100.4275
1,31.05798,4.298461,,3.376157,27.18398
1,0,0,5.020068,8.521756,8.740418
1,-338.9065,5,,1.642212,102.5054
1,-132.956,0,,5.965654,14.61876
1,-176.1161,3.81933,,8.258899,50.22576
1,203.6889,5,,3.184764,128.8865
1,0,0,,10.28051,-2.573379
1,-612.0899,8.097223,,6.237809,187.441
1,238.7265,5,0,2.204627,111.6742
1,0,0,,13.29551,-1.833055
1,11.93693,0,9.17671,13.6362,208.7229
1,162.0937,4.261738,,5.884923,145.0748
1,249.4405,3.592811,,1.976883,123.9943
1,101.852,5,0,0.8495541,36.05318
1,149.3047,5.000681,0.0022067,4.218894,146.5383
1,382.135,5,,4.80993,169.6983
1,0,0,2.299164,5.441627,-1.132251
1,-39.24176,5,0,2.701956,53.11493
1,293.0067,0,,10.56328,90.56086
1,89.02184,5.046155,3.953225,7.511276,-0.0291244
1,-348.4962,0.3207829,,7.579558,90.84069
1,0,5,,2.919418,9.719939
1,-146.4697,0,,8.782358,41.75684
1,644.6606,0,,9.983421,164.4376
1,489.7311,0,4.662883,5.041098,133.6277
1,-450.637,5,,4.099754,179.6459
1,-49.99551,6.033229,,9.367736,44.49264
1,91.78474,1.666469,,2.920362,175.1076
1,473.2409,4.771706,,4.874434,115.0242
1,-62.55808,0,18.33482,20.6109,65.35653
1,198.2727,0,7.104492,9.62743,191.4897
1,33.99692,0,,9.633695,201.1139
1,147.1849,5,,3.42723,82.47822
1,304.7899,0,,3.136472,144.8061
1,0,5,,2.838159,-11.77546
1,0,0,,6.317309,-11.46229
1,185.0145,5,,1.37113,113.24
1,143.7334,5,,2.602443,111.5621
1,359.8478,5,0,3.379097,96.06837
1,195.9991,5,0,2.621412,166.2038
1,283.9951,0,,2.713149,99.97228
1,41.13517,5,,4.989324,77.2048
1,135.826,0.570008,6.834228,11.22703,227.3386
1,-62.06237,5,,3.583144,146.3286
1,0,5,,3.788113,20.3471
1,284.4368,4.952919,,6.314581,97.43798
1,4.855384,4.811641,2.077249,2.422123,49.94853
1,-9.248642,5,0,0.8418971,19.95732
1,348.6188,0,,9.026482,88.24433
1,-27.14003,5,,3.497839,91.53279
1,30.73701,4.524521,,1.090272,22.62968
1,-37.21428,5,0,1.309359,33.79711
1,-255.3791,9.849914,,7.281556,195.1757
1,162.0535,4.901991,,0.5995786,87.06792
1,-96.61902,0,4.401032,9.083941,94.81048
1,409.9496,5,0,2.802378,171.7169
1,0,0.5160071,,7.786204,-19.30565
1,-78.55947,5,0,4.105865,48.30548
1,80.69759,1.167488,,3.296353,-5.152921
1,637.415,5,,0.2478623,96.31905
1,-281.412,0.1788791,,7.773709,207.2462
1,1.868612,5,0,1.474769,20.89186
1,-39.16153,0,,2.792796,22.35259
1,218.4536,0,,7.164703,54.73226
1,158.8583,7.147573,,4.256269,203.6704
1,167.6127,5,,0.875397,64.82406
1,-6.900197,5,,3.046054,41.53619
1,10.03457,0,5.236227,5.849117,-7.686584
1,663.3579,5,,4.214805,115.8218
1,294.8449,7.432998,,8.04806,157.946
1,20.11382,6.466003,3.002961,7.695265,79.2317
1,286.7236,8.922921,,6.570964,65.12258
1,-174.7628,0,,9.105684,131.5812
1,445.136,5,,1.162584,138.723
1,-10.0143,5,,2.552044,10.11408
1,27.06647,5,,2.089595,64.89315
1,156.0967,5,,4.727342,63.87861
1,-367.1971,5,,3.153353,106.618
1,30.54972,0,3.450947,6.935035,99.18339
1,-100.3803,3.602303,,3.114247,87.71474
1,0,5,0,0.6403762,4.478047
1,-19.1953,5,,2.993931,118.6198
1,41.52406,3.711407,,7.409243,35.15456
1,0,4.149808,,4.135307,1.367423
1,-1.583597,4.483664,,3.606151,14.06937
1,-828.9453,0,,8.398869,262.5161
1,111.9781,0,,8.727146,102.0173
1,30.23034,5.509738,,3.016062,87.20428
1,0,0,12.75454,14.04581,11.13624
1,119.7325,5.007658,,2.224826,122.8712
1,262.0471,0,,8.793195,103.1635
1,367.3372,5,,3.842903,41.40506
1,319.8011,4.136081,,4.269403,85.25011
1,52.92436,0.5579833,,5.798443,36.57561
1,223.1495,0.2145943,5.334313,5.451008,136.7944
1,0,5,,3.873762,19.68647
1,0,5,,4.832393,0.8963792
1,258.3489,14.16956,,14.90965,105.1263
1,31.32969,5,0,2.833225,182.1647
1,13.15253,5,,0.0548812,148.8688
1,0,5,,2.224314,16.64537
1,-480.7318,5,,0.0184299,101.2042
1,-65.21835,5,,0.0354284,67.36201
1,77.51788,4.869277,,4.665968,66.92652
1,51.58836,4.545963,,4.814637,36.88874
1,197.2773,5,0,1.866085,56.26833
1,50.87822,5,0,4.322567,40.16955
1,15.05047,3.856271,,15.05682,37.61286
1,173.9929,5,,1.275189,56.43789
1,477.2138,0,,10.15127,172.0294
1,-31.78199,5,0,3.187741,56.26196
1,147.9576,5.760648,,6.07923,28.63221
1,-756.2698,4.863664,,4.109883,178.8745
1,-210.9339,0,8.613514,9.159954,58.19032
1,143.4185,0,4.593377,6.879196,24.90398
1,222.9306,0,,8.617074,80.37122
1,-495.737,5,,3.85592,111.6676
1,-126.3364,5,,3.044248,45.86974
1,83.47388,0,4.933125,8.424154,51.5914
1,191.8787,8.587899,,11.31403,151.6521
1,-155.9589,1.153379,1.262898,5.678492,81.94843
1,0,5,,3.376064,13.24044
1,0,4.44989,,5.900511,-17.99665
1,20.13076,5,0,4.862879,63.54279
1,176.6336,5,,0.2376052,48.8302
1,-168.8203,2.771243,2.761417,7.593048,34.86192
1,44.2856,3.326523,,0.6241225,83.95273
1,-143.2795,5,0,1.406461,19.2686
1,129.2618,2.716961,1.818179,3.194369,49.81479
1,0,5,0,4.441912,-4.758883
1,-165.8621,0,,3.285398,117.9813
1,718.1418,0,7.622354,9.845115,168.3623
1,613.5286,5,,4.886467,209.3188
1,26.07958,0,,6.434612,44.91585
1,411.0161,5,,2.682851,135.4831
1,237.2143,5,,1.184929,61.82677
1,-95.84823,5.683906,,4.952415,135.075
1,5.627233,5,,3.447794,14.64165
1,-0.0767872,5,,3.637283,78.89381
1,123.6363,3.358394,,2.942677,91.30929
1,-82.38467,4.724161,,3.994458,76.59892
1,141.1776,4.060266,0.6061465,0.9285035,102.6948
1,1075.979,0.2162735,,5.922816,174.8514
1,-39.05908,5,,4.981605,52.0024
1,114.057,5,,4.653136,133.4176
1,463.7887,5,,4.201404,96.6962
1,-35.57249,5,,0.874826,40.32367
1,170.1028,6.009294,1.23194,1.641682,131.8812
1,0,7.92307,,4.110087,9.520081
1,117.0458,2.450149,,4.301276,145.6253
1,287.2933,0.7767324,,6.065215,71.15289
1,-18.54378,0,,6.531307,201.0471
1,-54.30136,5,,2.194507,77.84464
1,60.81411,5,,0.5307532,124.3022
1,0,5,0,1.339924,3.654919
1,220.6864,0,7.946842,10.80202,56.59555
1,0,4.179461,1.246301,6.229608,6.904746
1,604.8105,5,,3.33967,129.8983
1,25.71292,0,2.84426,5.840378,10.99256
1,-60.42552,5,,2.347597,58.8188
1,18.90475,5,0,1.303373,20.31556
1,270.2139,5,0,0.4209997,132.6991
1,227.4669,5,,1.799593,86.58304
1,327.3055,0,,9.106974,37.23935
1,0,5,,3.986859,-6.088691
1,126.729,5,,0.057681,70.45814
1,0,0,,6.089949,3.52146
1,-531.1053,0,2.35587,2.83998,157.0999
1,-452.4471,3.683994,,2.468377,155.0772
1,-328.189,1.295602,,5.960696,76.28418
1,-43.77817,2.452062,1.014729,4.811457,55.2945
1,-280.919,0,,8.742243,59.65124
1,-14.5611,3.139219,,4.466481,155.0344
1,130.6464,5.140203,,2.311688,111.8405
1,0,5,0,4.52,-0.4019362
1,0,3.143598,,2.38786,2.927835
1,923.5255,0,5.985125,7.62547,171.3966
1,233.2436,0,,9.980799,99.90556
1,50.19823,5,,2.269245,8.442678
1,-114.9,5,,3.590387,95.10902
1,-79.31227,0,,7.401484,99.51549
1,0,5,,3.905927,-5.204226
1,165.8251,0,,8.505466,199.5388
1,384.8889,6.366121,,4.926289,143.6361
1,187.8451,0.7105489,,6.09422,82.29169
1,0,6.668345,2.013136,4.95399,12.58135
1,-77.62356,5,,3.41947,145.2036
1,357.5743,4.712499,1.203961,4.321707,51.24278
1,-132.3168,0,,8.35497,26.95586
1,-24.94746,0,,7.425477,175.8441
1,22.40956,5.157317,,4.57863,127.4269
1,0,5,0,1.458112,5.784433
1,168.7906,5.302896,,10.47416,92.58327
1,482.6888,4.054302,,8.713844,188.8039
1,0,5,0,3.659966,-8.674994
1,23.93635,0,,7.184407,17.36452
1,0,5,,3.249188,3.802522
1,0,5,,2.537326,-11.119
1,385.6815,5,,2.779354,119.916
1,50.5685,6.061462,,9.970501,28.88994
1,-76.50601,5,,0.1294286,79.68044
1,-752.8757,1.31206,4.095214,4.312912,208.2956
1,-707.8361,5,0,1.437173,164.9165
1,112.5508,2.681598,,4.113986,101.3564
1,34.23613,1.883149,,2.334715,111.3901
1,459.0804,0,,3.433151,244.2324
1,156.6824,5.206232,,1.722818,170.8934
1,394.6162,5,0,2.48835,181.0531
1,-6.00276,0,5.188581,8.825779,55.159
1,-12.10656,0,6.104148,10.78179,146.2221
1,-609.0593,5,0,1.831418,152.9682
1,-25.00333,6.737136,,7.105369,25.49639
1,82.71704,5,,4.727366,148.1444
1,-307.4323,5,0,3.47434,176.3923
1,-223.5209,0,12.68725,15.74198,107.306
1,-21.56267,5,,4.094899,26.98603
1,-68.84019,5,,3.763332,113.4064
1,0.9649683,0,4.651587,7.474395,-11.19878
1,0,5,,3.121884,7.764282
1,51.15234,2.852824,,1.219694,130.4767
1,1005.3,5,,4.796535,175.2796
1,196.4498,5,0,3.610023,135.9301
1,17.4723,8.243705,5.813336,5.887383,139.1902
1,-161.4511,5,0,2.639703,67.85403
1,71.24789,5,0,0.0269519,81.27596
1,84.39028,0.537697,,6.091041,78.13925
1,-12.61605,0,,11.18969,47.62639
1,228.3378,5,,1.591937,160.1561
1,-373.2366,5,0,2.595866,249.1132
1,-220.7442,5,,4.553471,119.1296
1,649.5475,0,5.56941,10.13607,131.7095
1,156.6871,5,0,3.832534,148.5118
1,-89.5619,13.02851,8.139647,11.18018,117.6755
1,0,0,5.004727,6.147802,10.74189
1,246.118,6.191847,,2.070668,104.0717
1,71.02793,2.807491,,8.348164,183.4933
1,20.9526,5,0,4.648761,66.64036
1,-26.49334,5,,3.140491,10.49708
1,0,5,,2.92909,0.1074585
1,-733.7231,0,,8.996895,147.7865
1,0,5,0,4.788791,9.827726
1,57.57078,9.848058,,9.759061,136.9811
1,60.87135,0,,8.81366,148.3692
1,36.20221,5,,2.003675,73.63002
1,369.5731,4.891561,0.0931305,4.318959,119.2942
1,8.183824,5,0,1.096167,51.97566
1,15.85953,7.466348,6.159868,7.747417,-4.337216
1,1231.107,1.834331,1.915567,2.887298,144.9891
1,130.8915,5,,2.328723,127.5759
1,0,5.348098,0.35129,3.411365,-0.1268398
1,25.18495,0,,6.93931,-7.154348
1,0,5,0,4.941007,-1.022058
1,191.8078,0,,16.96543,126.368
1,267.647,5,,0.1098147,56.08638
1,-10.22296,0,2.816347,4.446781,17.62087
1,374.431,0,,6.083645,77.11128
1,0,5,,4.068171,10.87858
1,-233.9126,5,0,3.218066,124.4904
1,-14.35253,5.968833,,6.387453,55.94481
1,107.961,0,,7.793549,8.679801
1,909.9384,2.5789,,5.366607,151.9146
1,233.3623,4.125186,,1.898618,62.12908
1,-143.5531,5,,4.199119,217.124
1,-2.796216,5,,2.924604,14.41813
1,3.033323,5,0,4.993724,74.46992
1,736.0156,5,0,3.055521,101.3956
1,368.5195,11.52538,,11.07653,117.0572
1,20.38052,0,9.058877,12.75144,82.86072
1,-7.027525,2.917248,,1.998101,56.59678
1,-22.68618,5,,4.217668,57.28077
1,27.32209,0,,17.4562,24.45757
1,0,0,4.084239,8.5683,25.95899
1,-0.1301421,5,0,1.029116,-1.378837
1,0,5,,1.921211,-21.92655
1,0.066558,5,,1.075727,5.865659
1,107.9281,0,,8.512116,41.05288
1,545.0205,2.734116,,2.207786,82.47473
1,595.2871,7.880202,6.098464,10.59284,129.9442
1,229.8247,5,0,3.546113,85.06065
1,373.378,0,,15.72733,155.9493
1,0,5,,2.276543,1.57922
2,32.68818,0,4.197686,4.495488,51.43331
2,70.09949,0,,8.155268,78.97248
2,34.99446,4.810822,,2.320071,35.37931
2,132.8125,5,,2.217489,163.4847
2,71.5909,3.71096,,5.23625,77.59615
2,144.1991,0,,11.31823,144.7403
2,100.4005,9.302928,4.679965,8.951739,95.01447
2,-9.258164,5,,3.201223,2.396018
2,136.8149,5,,4.724722,125.4443
2,158.2247,0,,10.73047,133.4356
2,60.47748,5,,4.073278,30.67038
2,158.2664,7.893588,,6.883474,196.9215
2,112.5395,0,,3.777543,125.6162
2,35.89774,13.40938,9.566552,10.77999,28.80223
2,87.84957,0,4.140333,8.776108,52.41464
2,-4.066364,6.301631,,4.00889,7.249102
2,78.14275,5,,1.264825,95.94169
2,8.680571,3.522748,,3.726331,-1.880047
2,84.85824,5,0,3.815712,58.86417
2,276.1437,5,0,1.76868,257.7035
2,40.19147,5,0,0.8782417,20.85812
2,-2.45912,4.606513,,0.6732358,-2.885503
2,230.5108,0,,2.732661,235.0594
2,153.8986,5,,4.00416,155.5407
2,105.7222,0,,3.010258,104.7811
2,77.95709,4.550462,,4.497644,68.52146
2,60.76645,4.077737,1.538242,6.456694,58.83474
2,146.1801,0,16.53136,17.10881,154.4544
2,16.22682,0,,8.873105,42.16099
2,43.26588,5.096375,,4.630334,67.74437
2,161.4467,5,0,4.158985,143.625
2,26.07276,1.495954,5.796393,9.615117,26.09998
2,186.7616,9.482101,5.430779,6.899385,199.1903
2,53.76786,0,,5.396476,66.55463
2,103.5172,3.378809,,1.859729,81.14584
2,129.3926,5,,2.557296,128.9398
2,6.593148,0.0898428,,9.217729,-3.856307
2,120.4959,0,2.464105,5.187739,112.7023
2,25.30829,0,,3.546865,24.03669
2,-0.3878384,2.253661,,11.93239,23.21268
2,92.27779,0,,6.859617,88.81109
2,21.47518,4.983907,,10.18972,49.95396
2,6.229196,5,0,0.6586992,7.323482
2,45.43333,0,,7.816396,49.70331
2,2.656391,5,,0.0830977,21.09964
2,8.867182,5,0,0.7058305,6.382295
2,224.48,5,,1.20971,221.6951
2,12.65008,1.087256,,1.779696,27.27117
2,122.843,0,4.530218,7.898372,118.8034
2,221.8839,5,,0.0042225,216.4207
2,229.7798,5,0,2.028893,203.0138
2,94.10973,5,,4.577487,64.87959
2,38.00563,4.771972,,10.5989,41.27307
2,37.6146,4.967024,0.0118195,0.7613937,43.10866
2,83.66858,0,,4.125813,86.7339
2,103.1295,5,,2.651893,112.9434
2,75.64188,0,3.65325,3.966829,60.9105
2,19.98376,5,,1.085032,3.791173
2,152.2292,5,0,2.672444,166.8454
2,106.7584,5,,4.394818,100.4609
2,88.44228,5,,2.278129,77.0248
2,109.1681,5,,2.345536,110.6064
2,96.26932,3.791101,0.6611181,3.606339,154.5331
2,228.9159,0.9083191,7.891777,11.57677,197.2305
2,23.40372,0,,9.275036,19.40543
2,9.477016,5,,2.617463,-2.519859
2,80.49289,0,,5.588006,64.67031
2,24.14048,5,,0.2099391,33.12664
2,49.29586,5.856889,,3.652935,41.96799
2,66.74209,5,,3.72663,90.15594
2,-9.643941,5,,4.000672,15.86039
2,53.38893,5,0,0.5884374,76.33711
2,154.9772,5,0,3.813298,149.3824
2,72.36709,5.446654,,12.79437,68.61105
2,45.44027,3.460884,,1.901854,68.8761
2,-5.17411,5,0,4.512526,18.17062
2,50.17883,0,11.22618,12.6634,39.2165
2,59.13488,0,,3.011063,42.46705
2,112.0732,3.979449,,1.94474,134.2427
2,139.745,5,,0.2858912,150.3253
2,34.08958,0,,8.214345,17.45292
2,117.3821,0,,10.06379,103.9743
2,74.41648,5,,4.99949,52.01658
2,323.2893,5,,1.176591,331.0738
2,113.6053,5,0,1.735923,104.6164
2,51.25782,3.272947,,7.06124,50.67218
2,42.37772,0,,5.186268,45.07379
2,-3.741282,5,,3.090958,1.184657
2,76.04379,5,,3.4676,82.90462
2,87.41013,4.293846,0.655521,5.25736,94.2847
2,11.56949,0,3.163102,3.344816,9.754619
2,38.50614,5,0,2.904766,22.41579
2,123.1041,6.408385,2.467885,6.40169,130.1628
2,0.0095669,5,0,0.2143862,13.21515
2,62.9225,5,,0.9092478,41.48856
2,75.20772,5,,4.827884,49.28322
2,22.21215,0,,11.50896,38.64559
2,173.576,0,,10.81043,182.9658
2,3.643614,0,,6.007995,-29.53642
2,10.08939,0,4.612898,8.527738,11.79253
2,116.6178,4.97636,0.0388368,0.2435897,113.2323
2,115.5987,11.43009,,11.55475,114.6641
2,170.3229,4.403537,4.127718,5.846436,163.913
2,150.2921,0,,12.69728,148.5585
2,14.77061,5.976805,2.696346,6.641934,-15.65549
2,42.04712,3.280705,,7.021652,47.41688
2,18.19364,5,,0.1556714,23.32348
2,167.444,0,,8.49161,160.1563
2,-4.126042,0,,7.893385,-2.476982
2,95.0901,5,0,0.2266493,83.81627
2,119.7402,5,0,3.443949,100.6063
2,148.7941,5.002137,,4.041304,171.7597
2,5.469269,5,,0.0162006,28.98982
2,75.74381,5,0,3.247763,63.6363
2,44.29235,5,,3.474122,35.64558
2,-1.909187,3.157836,7.760851,10.55197,8.096869
2,43.01573,5,,0.5411221,38.98657
2,170.352,0,,6.21708,165.0719
2,124.9189,5,,3.268373,128.115
2,48.53202,14.03641,10.55207,11.67975,27.50287
2,31.46527,1.606739,,3.019867,57.68376
2,20.02221,1.122559,1.946409,5.921085,-3.981943
2,81.07477,5,,2.776772,86.05928
2,49.76997,0,,6.140977,31.20898
2,162.0965,4.641935,,0.5564947,193.6052
2,106.8501,0,6.176752,10.02509,103.3263
2,32.50166,5,,1.530612,14.33569
2,6.936275,4.25602,,1.511876,14.56996
2,232.8003,5.206532,,7.192624,224.9287
2,177.3934,0,,11.4595,188.8552
2,58.93495,3.934814,,3.291859,50.28896
2,117.3292,0,6.036664,8.140209,99.68752
2,124.3422,5,,3.640473,119.5847
2,71.98795,0,,4.285803,84.05936
2,208.8806,4.78221,,3.920819,174.6476
2,26.84718,0,7.850846,8.302313,27.69857
2,100.8727,3.485344,,1.354185,79.06261
2,172.3929,0,,5.28801,157.4325
2,72.75165,0,,7.520243,117.3961
2,131.4338,13.42319,10.19639,13.96333,132.4153
2,112.5981,5,,4.483828,97.32285
2,101.7417,6.581518,,4.338481,103.8658
2,120.2412,5,0,3.803322,156.8897
2,62.91149,5,0,4.672695,61.62654
2,108.7709,5,0,3.367678,104.6047
2,9.688785,0,,7.883526,29.13568
2,46.51979,5,,3.669033,62.79544
2,-3.371474,5,,4.4117,-4.247343
2,98.27415,5,0,2.486108,103.283
2,-20.20994,5,,0.2750649,13.58761
2,146.3772,5,,2.221717,154.8485
2,156.7822,0,6.993613,7.039362,143.4905
2,83.91877,6.363175,,11.23017,62.49705
2,156.5364,0,,7.049606,152.6989
2,36.67208,5,,2.944896,47.98095
2,9.773139,5,0,3.71991,-16.24401
2,163.4508,5,0,3.495319,162.2202
2,18.26221,5,0,2.06917,38.77688
2,42.47353,5,,1.333346,20.20142
2,101.9584,4.537825,0.1157778,3.786434,106.3313
2,14.87227,13.24582,10.49115,11.36131,12.05345
2,88.04719,2.026834,4.274872,9.254498,80.86575
2,54.28164,8.454129,,6.58767,55.72817
2,154.2732,5,0,4.648942,167.329
2,100.4657,6.795132,7.603168,8.846869,101.3885
2,134.6884,13.10345,,14.42398,146.2529
2,214.2894,0,,7.310853,216.1393
2,123.6209,0,,6.152259,139.8515
2,-7.051589,0,,11.79247,-8.209324
2,118.3214,2.821846,9.531336,10.16662,146.9433
2,157.9811,5,0,1.076589,157.3266
2,201.5569,5.603993,,9.850229,195.6634
2,8.309405,9.904608,5.584629,8.998259,32.19901
2,187.2155,1.855913,,3.502936,178.7266
2,36.90664,9.793391,6.458278,6.469006,42.00679
2,1.875596,4.215149,,3.539208,14.75737
2,69.74492,6.817385,,3.772816,67.57017
2,181.5239,0,3.604595,4.960044,165.3015
2,-16.73992,5,,4.130509,26.13481
2,45.55146,5.125707,2.837614,6.16457,55.45416
2,27.01284,5,0,4.148173,50.21233
2,-6.13806,3.565681,0.7404019,5.07676,16.26371
2,11.34559,0,6.274602,8.322042,33.92925
2,14.20632,0,,6.815625,33.51377
2,5.33075,3.315236,,4.334704,12.63866
2,111.7505,6.266815,2.819041,7.621441,122.1893
2,183.6087,0,4.939135,7.106007,153.7085
2,86.79652,5,0,3.456395,94.38554
2,142.3895,5,,1.941551,143.2937
2,34.52498,0,,8.934294,63.6203
2,-1.737326,3.644535,,5.695603,-5.050124
2,176.8097,0,6.50085,11.49301,156.4134
2,104.0944,5.205074,,8.681241,104.6702
2,16.46403,0,,14.4108,3.280258
2,7.087316,6.890078,2.076713,4.115973,9.125648
2,62.39204,5,,0.8492886,60.09383
2,63.1999,0,,8.439416,39.64595
2,-5.855928,0.0191502,,1.729885,-4.890975
2,110.7221,5,,2.681516,104.8644
2,2.783,5,,4.978098,13.63929
2,47.56286,5,,3.767029,54.29137
2,32.14746,5,,0.9233785,35.76712
2,148.8129,0.9286425,,4.715464,144.1366
2,254.1786,0,,5.09057,225.4372
2,184.437,3.006039,,5.370987,192.173
2,154.3922,5.186721,0.7488083,5.344683,153.8932
2,145.8089,6.321878,,9.48519,163.8934
2,99.34626,5,,3.338191,95.75655
2,15.46926,5,,1.798967,-15.65746
2,227.8107,0.112917,,4.625525,257.3198
2,59.81338,5,,0.416936,85.764
2,-7.362505,5,,2.23599,6.556634
2,3.183319,0,,7.562641,12.56204
2,47.26117,0,13.93449,15.83808,49.12682
2,53.54542,5,,0.3659314,66.33398
2,80.90611,4.790284,,3.609163,82.49003
2,127.6748,0,,6.756838,133.1402
2,30.42909,5,0,2.921424,17.16606
2,-1.100389,0,,8.860373,13.32832
2,76.47016,5,0,1.609809,82.8698
2,20.98126,3.238496,,3.620573,17.53496
2,128.5482,5,,3.190993,136.6322
2,14.49387,5,0,3.375138,20.79372
2,118.6559,5,,3.310534,127.1095
2,98.2729,0,3.215349,7.753163,94.86341
2,53.30695,5,,4.669917,38.76918
2,8.102941,13.42113,,13.99947,-5.875284
2,34.78904,0,,9.489154,42.20314
2,171.3535,0,,6.309193,183.2643
2,8.909912,2.599883,,3.159785,-9.995453
2,19.42638,5,0,4.803032,2.219006
2,146.7804,5,,2.718821,148.6914
2,123.7119,5,,0.9559807,127.6443
2,-10.22954,5,,2.076667,9.50351
2,172.885,5,,4.748061,173.3446
2,107.0104,4.985401,,6.829515,93.17353
2,112.6721,3.840905,,3.179405,119.9577
2,10.2136,5,,3.90691,2.865755
2,5.925965,5.88404,,6.310516,-2.291474
2,-9.592484,5,,3.744065,17.63839
2,150.4971,5.717495,,6.138043,108.9425
2,187.1881,5,,1.887409,177.4277
2,75.91761,2.385997,0.788618,4.583452,76.00728
2,53.18875,5,,3.29416,85.83612
2,78.61633,5,,4.841688,91.8268
2,37.17752,0,6.108648,7.501491,40.28563
2,99.70561,5,,0.7148129,114.2522
2,98.53761,4.492333,,3.589957,80.41435
2,230.6824,5.201787,,4.553036,261.5725
2,9.384157,11.8482,15.60141,15.64366,-7.618672
2,36.88649,0,,9.276288,49.4712
2,-4.732959,5,0,1.129167,23.25676
2,70.3367,0,,5.483717,39.25623
2,51.7341,5,0,4.436355,39.0475
2,138.8511,5,,1.497527,159.5071
2,-3.340696,5.85883,,5.213025,7.456686
2,133.2288,0.2856637,,3.23295,152.2813
2,111.9429,5,0,3.750736,102.177
2,201.106,5,,2.734296,231.5368
2,11.60438,1.142058,,1.936016,-14.37467
2,287.5353,5,0,4.580521,288.585
2,54.78354,0,4.287997,6.238821,73.60233
2,29.75659,5,,4.922031,-10.174
2,64.62377,0,,3.211525,46.85016
2,125.441,3.808325,6.83803,7.269169,129.0414
2,139.6683,0,6.324026,7.749638,156.461
2,12.51677,5,,3.973849,27.06424
2,128.6333,5,0,2.81251,138.0573
2,66.4133,0,,13.4624,56.89896
2,93.14169,0.3192464,2.372734,5.886872,78.76825
2,50.5145,0,,12.41828,75.42535
2,15.73345,5,0,3.346199,0.13233
2,86.59918,0,10.03187,11.93177,88.48769
2,178.4314,0,,9.105617,175.1182
2,152.3631,5.149262,,9.949089,161.363
2,223.8843,5,,3.990683,244.4219
2,21.34469,0,,9.797069,21.94481
2,118.4108,5,,2.779658,97.90716
2,121.2783,0,3.574129,7.818858,148.0557
2,135.5549,5.507821,,2.031806,160.7419
2,118.1825,5,0,1.892054,112.8463
2,104.6696,5,,1.484658,127.4666
2,161.02,0,14.78405,16.89095,161.5254
2,26.28216,0,3.478754,5.977124,28.1373
2,102.482,5,0,4.398364,102.6588
2,81.50873,5,,3.99354,70.3167
2,27.49179,1.924028,1.268507,5.389511,32.09432
2,88.64124,2.485337,,4.537928,81.10198
2,89.08355,5,0,0.0129218,64.93947
2,45.25934,0,,7.693538,60.83235
2,45.8196,0,4.88725,5.225376,65.12315
2,-4.105092,0,7.113389,8.939096,-16.31074
2,-6.647599,4.116187,,3.019965,-6.462318
2,-7.111726,5,,0.9075616,11.12447
2,20.82949,5,0,1.47374,-1.702176
2,227.3074,5,,3.23722,212.9742
2,39.7901,5,0,4.358754,55.61895
2,27.51666,5,0,0.2919269,34.07878
2,35.26547,0,,4.370988,49.69241
2,-0.5873034,0,5.144414,6.169841,5.024154
2,82.04461,5,,4.244699,85.33127
2,6.559405,5,,2.983545,6.717109
2,69.81013,5,,3.587973,52.55302
2,191.1097,2.806373,0.6615527,5.527514,205.9991
2,9.963773,5,,2.183331,12.51547
2,132.4641,2.610997,9.687613,11.15569,106.3634
2,114.4067,5,,0.1914976,116.7478
2,183.227,1.398955,1.774288,4.398854,199.155
2,211.6937,5,0,0.575901,222.2131
2,54.91556,5,,4.740894,71.50972
2,19.40571,0,5.45329,7.644417,22.97974
2,14.52463,5,0,0.2153085,8.748999
2,138.1366,0,3.596764,8.438031,134.2115
2,126.9261,5,,2.761595,105.5324
2,-2.374969,2.460213,,5.877696,9.628304
2,71.03382,5,,0.6072083,81.41315
2,9.375992,5,,1.885658,9.647052
2,130.8377,6.928804,,5.095283,133.1064
2,85.72369,5,0,1.39291,74.41456
2,-0.0331335,5.003249,,4.812482,25.44781
2,145.1044,1.511325,3.99881,8.513316,140.6413
2,-9.573589,5,,2.481513,-0.1552254
2,83.23784,5,0,4.773102,47.75356
2,75.59595,0,1.503284,3.397993,89.13393
2,81.92551,5,0,3.123965,67.4907
2,53.92327,5,,3.614528,48.32576
2,132.3828,3.26399,,3.887328,127.6174
2,14.60627,5,,1.545993,23.95011
2,47.18467,5,,3.223865,54.43985
2,234.0208,0,,9.124017,227.9237
2,107.4833,0,,10.64076,112.0422
2,35.93219,4.620616,,2.070525,54.6755
2,121.6546,0,,13.65935,113.6099
2,55.41089,4.864334,4.675967,8.356592,53.48138
2,-14.59217,5,,4.164494,-1.124046
2,130.6472,0,,4.735407,119.7272
2,6.610716,5,,3.573751,-8.921229
2,8.441961,8.394288,,8.110615,-15.30046
2,98.46304,1.819363,,1.254786,85.67749
2,-21.90084,5,0,3.161274,-11.02895
2,67.98955,5,0,1.970481,93.66199
2,79.49818,5,,3.451975,74.56566
2,150.7956,0.3694966,2.060297,6.841565,137.3103
2,69.85417,4.925337,0.4284208,4.938036,70.96989
2,48.40075,0,3.341122,3.828518,27.45934
2,56.67866,5,0,0.8351158,88.28586
2,142.7319,5,,0.7186022,142.7607
2,162.1744,0,,10.14423,141.817
2,-2.286046,5,,1.760737,-18.6244
2,58.35414,0,,5.982838,26.09102
2,0.1921174,3.632926,,2.093709,4.665781
2,-15.342,0,,16.69347,-2.978969
2,16.24922,0,10.36126,14.70687,-5.571304
2,100.4187,0.6063775,,1.968298,111.1121
2,6.298798,7.590016,,12.25254,8.186634
2,-2.150909,0,,5.210868,0.5128309
2,102.5058,0,6.09289,7.571418,114.7833
2,19.65304,5,0,1.202098,14.76634
2,3.627623,5,,3.274205,8.759278
2,234.5806,5,0,0.4344418,247.7226
2,164.3987,5,,2.15513,158.9376
2,141.9507,3.654492,0.4016222,2.652337,132.8528
2,243.9219,0,,4.595431,234.2664
2,167.9173,4.995533,,1.78946,137.3378
2,51.37742,11.53634,,11.61426,33.432
2,49.81789,0,,4.699365,68.20016
2,144.918,5,,4.77975,134.7978
2,103.9879,5,0,1.812537,98.39992
2,180.3643,5,,0.3897769,181.0376
2,94.3907,5,,4.676634,77.06436
2,176.0732,4.334957,0.3807079,0.6046581,170.2359
2,89.43703,5,,4.386337,82.59655
2,152.1354,5,,4.723708,150.6456
2,27.37767,5,,4.955435,56.21433
2,104.9957,0.2114571,,5.897284,124.9296
2,0.6456495,4.391639,1.14423,3.202441,-16.34018
2,116.1022,1.117583,1.561887,2.092451,123.8259
2,133.4731,5,0,3.421744,98.17226
2,87.07343,0,,11.34081,91.13754
2,89.45612,5,0,3.517142,88.8654
2,88.55862,0,3.18465,7.178777,82.21374
2,120.4509,5,0,3.301138,104.2255
2,50.74773,5,,2.719529,47.01571
2,170.1625,5.701594,2.109543,3.322279,175.5506
2,67.8388,5,0,2.937864,64.07587
2,0.0308272,5,,0.7871583,-0.5386388
2,102.8125,5,,0.8285252,106.5609
2,123.621,5,,0.2505731,135.4791
2,145.7553,2.288746,,6.519882,126.591
2,56.95853,5,,4.712021,55.80231
2,171.4369,7.989884,4.085521,8.623647,173.2902
2,6.26377,5,0,1.75966,-5.867848
2,55.35172,3.688296,,0.9826493,74.77449
2,42.67219,0,,8.648026,47.62711
2,52.49267,6.160404,,13.03479,54.08428
2,6.421347,1.162103,,5.767861,-2.043143
2,19.08221,0,,3.75976,22.96276
2,3.022586,0,,7.991045,3.853347
2,6.920756,0,2.619764,6.831001,6.862438
2,77.65636,5,,2.899577,69.63496
2,69.55308,0.9180881,,4.97084,64.40824
2,105.3073,2.370645,,6.458059,109.0767
2,163.6902,6.353268,,2.531317,177.903
2,42.63545,5,0,3.226684,61.1595
2,33.85771,0,,7.929629,39.58924
2,31.29377,5,,2.690333,39.97266
2,90.27774,10.13707,,6.031703,111.3116
2,64.38593,0,6.794099,9.903678,56.19787
2,205.0582,7.500917,,15.4029,164.8079
2,-7.364638,0,6.635996,9.520286,10.72423
2,163.7117,5.52029,,6.276911,164.1204
2,89.09711,5,,0.0893729,88.71562
2,-6.906723,5,0,2.490096,-2.675035
2,165.7682,5,0,0.7898142,155.0804
2,173.4639,6.236548,4.074312,8.765197,178.0268
2,-2.506957,5,,0.7890058,-0.7374246
2,15.08551,0,,6.187009,36.43779
2,62.70424,5,,2.246931,63.05283
2,123.2812,5,,3.555558,112.7973
2,119.9683,5,,4.254643,94.79539
2,17.16934,2.718805,,4.237818,24.9269
2,52.12708,1.058342,2.752896,6.676066,28.23372
2,-2.04171,5,,4.413574,-1.990663
2,68.2776,3.589914,,4.467752,73.7067
2,128.1336,5,,4.829476,121.7005
2,31.75169,5.86105,,8.272728,24.81797
2,150.858,5,,0.2915799,157.6891
2,94.3858,4.923896,0.7416898,4.510134,84.18234
2,2.540946,5,,3.031175,-3.946171
2,31.72469,5,0,4.698857,14.51765
2,-16.84926,0,4.401521,4.715845,-4.786667
2,108.4849,5,0,1.886667,92.48826
2,-7.955124,5,,0.2356363,-12.32608
2,-7.373111,0.5284485,3.439129,6.197731,1.607222
2,16.12304,2.868262,,7.550728,-6.668073
2,6.100852,3.396354,0.5008551,2.902659,16.6442
2,91.74336,5,,2.494357,87.83163
2,135.9099,5,0,1.249567,128.3058
2,100.4768,7.891361,,8.685477,97.34164
2,68.21417,0,,8.348894,79.27014
2,18.55178,5,,1.377756,12.13879
2,24.94842,0,6.08218,10.85236,6.120239
2,122.5011,5,,0.4868767,126.8891
2,109.7596,0,,8.970144,128.2942
2,31.40725,9.189949,,6.604468,35.85865
2,-3.259362,6.226175,7.27339,9.970976,-10.90059
2,239.1909,5,0,0.8858334,212.7666
2,9.554063,5,,0.7604073,30.89924
2,117.8803,0.4896471,,3.935852,139.6743
2,149.2111,5,0,1.529642,129.7608
2,65.00037,5.202357,,4.200133,32.39326
2,104.8658,16.66788,12.7948,12.8182,91.63584
2,71.60698,4.921653,0.044927,1.845399,74.9314
2,219.5606,0,,8.365702,216.7477
2,100.8531,6.935281,1.942279,4.577812,98.08033
2,16.33747,5,,2.476116,-2.238763
2,96.21925,0,,10.29751,100.4795
2,253.1796,5,0,0.0543555,258.1776
2,68.89211,2.244577,,6.531927,77.94624
2,112.4091,0,,6.509932,108.2912
2,91.45107,5,,4.276327,116.1542
2,165.1846,0,,11.20379,192.7834
2,4.523087,0,,3.964275,17.36935
2,31.62552,7.470737,4.407686,6.845387,39.83701
2,0.650715,0,4.724943,6.90074,-3.658836
2,49.41277,0,,6.500136,52.64154
2,46.37141,5,,4.05535,34.66674
2,-2.117498,5,,3.106358,-6.817009
2,35.67508,0,,6.992795,37.99924
2,191.4381,5,,1.876378,189.2567
2,86.56008,3.56828,,1.116363,66.65208
2,29.15224,5.447467,,3.016584,33.92926
2,52.12317,0,,4.519,17.84031
2,28.22071,5,0,2.058879,52.13364
2,125.398,2.315728,5.654499,9.268646,137.2181
2,77.65808,5,,1.6052,60.71132
2,9.42872,5,,4.464561,7.865433
2,40.94357,0,,6.467543,26.08296
2,61.6431,5,,3.479915,43.26447
2,43.52567,5,,1.68721,67.64836
2,7.64713,10.74168,,6.376888,25.3628
2,114.2369,4.850199,,0.4040212,104.9583
2,-1.922032,4.792886,,1.493267,1.937974
2,160.8566,0,,7.838074,147.61
2,227.001,5,,4.977757,164.936
2,153.5236,7.777009,,6.382082,189.2212
2,94.47488,0,,8.638805,86.28035
2,37.40033,3.84749,,4.841916,46.31237
2,-9.871595,0,5.304104,8.011889,8.717023
2,151.6862,0,,8.612759,134.9748
2,190.6406,5,,0.4575855,182.9063
2,-8.437523,3.938221,,1.427296,-1.42364
2,-5.488659,4.005445,0.5882378,4.22905,10.72064
2,47.59322,5,,3.803062,50.97994
2,-1.403963,5,,0.8270672,-27.87859
2,120.1294,10.58444,8.092469,9.747654,107.8538
2,208.6734,0,,10.08445,218.5856
2,132.3442,5,0,0.7565225,113.0593
2,-5.008092,5,,2.056123,-1.659235
2,120.3085,4.100652,2.918508,5.369487,99.88338
2,81.59019,5,0,1.610656,94.2228
2,32.52377,5,,0.3648048,-0.4376679
2,48.4198,5,,3.922893,39.08944
2,79.99856,0,,6.784619,74.50339
2,-6.05903,5,,4.842489,-1.896316
2,0.2941132,5,,4.173472,-2.952433
2,58.37418,0,,4.033674,65.67281
2,126.1864,0,3.694589,5.680132,125.6293
2,272.9574,1.266404,,4.764351,267.5546
2,66.23787,0.5140476,2.269021,2.675999,64.54034
2,106.4322,5,0,3.149601,135.9165
2,-2.564762,5,,2.372596,12.16656
2,117.7175,5,0,4.591568,142.5472
2,125.8696,5,0,0.030365,114.3661
2,114.3609,5,0,0.4714953,99.21294
2,68.41631,5,0,0.8051677,55.84055
2,88.60709,0,,13.37842,75.80864
2,198.1752,3.829054,,6.57885,188.5573
2,6.678576,5,,4.997249,5.547134
2,127.6602,8.074765,,9.462741,117.8598
2,83.61131,2.759111,,6.246426,122.0701
2,47.44317,0,,7.314864,46.05172
2,76.46277,7.631927,,4.834635,58.64193
2,164.6963,0.1827895,,4.764499,163.2442
2,174.2943,5,,0.5860596,159.3702
2,151.0156,5.239842,0.2763411,0.8317319,130.0921
2,157.6697,10.19283,,10.56653,190.2829
2,-13.88785,5,,4.934565,-14.00883
2,68.21472,0,6.075258,7.139611,69.46496
2,177.4071,5,,1.924235,191.9012
2,48.45645,3.099313,,10.61946,78.77531
2,56.90484,5,,2.605335,52.29603
2,204.1525,0,,9.555566,205.1751
2,78.57803,1.9557,,5.692316,73.79718
2,107.3467,5,0,2.388671,80.25382
2,86.94424,0,8.471519,11.82719,93.43875
2,15.59911,5,,1.018159,-20.46946
2,71.4762,0,,8.737155,64.53422
2,27.21065,4.414996,,6.265909,37.93162
2,78.91571,5,0,0.3251668,75.17744
2,71.0097,5,,2.44502,69.18349
2,98.35567,0,,15.01893,93.29444
2,175.5185,5,,2.291146,181.0972
2,95.55325,0,2.984065,4.924465,119.204
2,14.77269,5,0,1.61218,8.817076
2,116.0969,0,,3.072876,115.7712
2,208.5187,0,5.260732,9.831426,195.2186
2,127.7382,0,,6.516779,143.3638
2,78.4575,6.446737,,6.393225,85.77261
2,2.213705,5,,1.148503,6.778377
2,39.53123,5,,3.462375,36.25122
2,190.8326,5,0,1.612333,193.3269
2,134.9196,5,0,2.701871,127.6483
2,65.37969,1.006136,4.190233,6.406778,50.8467
2,15.97506,0,,9.206346,12.42474
2,135.3808,0,,7.350849,158.8492
2,73.19099,0,,2.933975,78.68147
2,113.615,1.072178,,3.860036,120.6568
2,4.558298,5,,1.294824,-7.385417
2,82.67188,5,0,3.934534,103.1756
2,71.53848,5,,2.303683,95.7604
2,-8.745515,5,,2.614961,-8.449359
2,178.6393,5,,4.886676,178.9384
2,74.73466,3.639021,,5.405334,88.9155
2,-8.388739,0,,6.885128,-1.842279
2,-11.94721,5,,0.254459,7.080945
2,77.77792,0,,3.140697,96.20794
2,122.7016,5,,1.246486,121.3228
2,28.02115,5,,3.962928,40.81554
2,86.57346,5,0,4.066502,109.8894
2,39.36863,5,0,3.274588,55.38168
2,59.0996,5,0,0.0697472,57.45533
2,160.6199,5.415227,,5.825522,138.7166
2,236.3468,0,,10.83137,228.8386
2,106.214,0,,13.31978,139.8018
2,182.5315,0,,8.611328,193.5527
2,124.0912,0,,2.234051,128.7857
2,39.26437,5,0,4.830619,46.00204
2,234.6273,0,8.740451,9.054749,225.9043
2,190.1224,5,,1.259794,204.6805
2,105.3725,0,,7.510997,137.1925
2,5.263687,4.923397,,3.577636,12.49577
2,64.63184,5.272738,,4.75068,68.89766
2,48.22752,5,,0.4214811,54.63609
2,78.3379,5,0,4.160321,84.37123
2,79.67992,4.502123,0.9246537,1.192175,52.26279
2,64.98702,4.490685,,5.269615,84.30724
2,36.19563,5,0,1.646317,8.094354
2,74.38751,0,9.498991,10.64998,65.20375
2,131.6008,0,11.76394,12.93887,174.6243
2,2.051809,0,,10.29753,8.90818
2,-8.910181,0,,3.978261,8.013759
2,74.76511,0,2.470194,4.304842,59.57499
2,-2.450165,0,,18.14809,10.38723
2,179.3701,7.415749,,7.79061,150.0741
2,96.28062,5,,0.3400887,78.67966
2,6.329478,5,,2.088282,9.983941
2,99.26438,3.518422,,2.503305,144.598
2,-8.127894,5,,3.229867,11.44897
2,180.5447,0,,17.47927,181.8352
2,157.5448,3.247156,,3.804345,138.4025
2,135.9375,0,,8.9418,142.5206
2,-5.406004,5.708535,,8.108058,-8.050754
2,228.5809,3.794613,4.119571,7.108484,211.7318
2,29.02806,0,9.019602,9.291982,50.44268
2,24.34565,5,0,2.150939,38.61581
2,115.3249,6.628139,2.690974,5.33855,137.4222
2,86.56705,5,,1.129311,65.35998
2,4.046836,0,5.485045,7.851093,-5.250985
2,136.9336,7.772362,5.191533,7.535933,112.7547
2,128.3226,5,,1.474029,133.4897
2,49.19313,5,0,4.690245,34.51355
2,10.41516,2.774463,,3.930712,-0.246775
2,83.81925,5,,1.171322,66.98214
2,-1.194618,5,,4.267741,-1.891082
2,116.8647,6.90107,7.260689,8.981281,163.0743
2,3.767774,0,2.30118,3.029349,-2.482559
2,136.3446,1.936283,6.546417,7.285557,118.8896
2,36.61879,0,,3.557838,21.15407
2,194.8519,0,,15.69848,196.35
2,56.19094,0,,13.84035,36.10078
2,148.5797,5,,4.471793,121.8475
2,1.351966,5,0,2.815037,-7.917843
2,97.02106,5,,1.269718,123.4673
2,92.949,0,8.501924,12.73119,84.52762
2,87.4751,7.572139,4.61609,4.934707,104.1799
2,14.36714,5,,2.024673,38.83183
2,54.87144,0,,6.610424,45.49637
2,63.88423,5,,4.081735,81.45771
2,167.3962,5,,1.293345,153.3557
2,103.6199,2.923847,,1.984483,113.1652
2,84.47992,8.27515,7.352475,9.843511,91.89526
2,252.381,5.073925,,1.473053,253.0234
2,29.54592,5,0,3.520882,35.31584
2,53.68628,0.6717237,,11.86296,67.1012
2,31.21714,5,,1.33677,46.7672
2,128.5624,0,7.52659,8.20886,131.735
2,93.14602,5,0,2.17599,106.1381
2,70.25899,0,,4.588662,62.87282
2,12.85856,0,1.770728,4.860903,16.96625
2,73.5738,5,0,3.359687,49.79852
2,127.6985,2.033641,,7.979287,128.5279
2,83.54556,5,,3.915242,71.56071
2,83.13252,5,,0.9842491,107.2264
2,-2.738311,5,,4.466319,3.300405
2,12.42006,12.50307,9.104754,12.90302,5.316371
2,67.50033,5,0,0.1863969,85.05949
2,-8.215408,0.6788,2.874395,4.557948,-31.76899
2,50.26896,0,5.476458,5.954319,37.79052
2,95.86532,5,,3.618227,86.6358
2,4.221868,0,10.7988,14.95052,-15.66511
2,-9.190461,0.513844,,3.754781,-11.45287
2,25.25563,2.824375,,14.51433,15.32551
2,76.49659,5,0,0.7635008,58.09522
2,106.2415,0,,6.20622,113.6474
2,-0.3763812,5,0,3.178786,4.288849
2,48.15905,5,,2.631083,55.96654
2,59.83064,5,,4.710231,31.42681
2,24.23788,5,0,3.277835,5.140632
2,138.1733,5,,0.8000237,116.2065
2,103.4423,5,,2.996529,92.61437
2,75.41539,5,,0.4299846,65.8868
2,17.91643,5,0,4.729432,22.7882
2,48.26189,2.163671,,7.315593,42.01822
2,62.01865,5,,2.295724,62.85609
2,137.0708,0,,8.118238,129.5525
2,104.9601,0,10.68562,11.36736,88.23918
2,94.05672,5,,3.377617,75.94851
2,-3.847097,5.023095,,1.697381,-1.443466
2,2.616431,5,0,1.540751,-11.07282
2,103.0459,0,,14.33931,66.96722
2,-3.748775,4.042782,,5.042319,5.64115
2,56.2736,0,,9.865367,47.07679
2,150.1243,5,0,4.456958,137.1281
2,75.407,0,,5.547763,87.82224
2,143.5163,5.689493,,10.31898,135.2827
2,45.95012,0,,4.705829,40.39847
2,12.66991,5,,0.2114293,0.5778955
2,39.02394,4.30992,,2.815362,55.0256
2,77.93827,0.7195549,1.624409,2.775608,84.09405
2,39.65522,4.39383,0.1801435,0.8273415,43.56761
2,101.9378,4.220179,,2.887332,76.70619
2,18.56073,5,,2.973229,38.70729
2,12.52226,0,,3.472732,-8.188889
2,3.621405,0,,7.135944,8.376455
2,72.16885,4.179365,0.228227,2.753062,93.52082
2,48.14496,0,,10.39622,41.68015
2,31.79501,5,,4.594357,31.37899
2,113.3523,0,,11.8146,102.135
2,7.270906,2.712075,0.8528126,4.363088,22.81411
2,260.3007,12.81942,7.897317,11.92169,261.9563
2,117.3521,0,6.820805,11.27385,114.4536
2,6.860481,5,,2.464574,8.372017
2,38.77656,3.129676,,1.755086,45.02322
2,3.097984,2.012176,,4.75664,17.83251
2,129.2478,4.839736,,3.167805,132.5906
2,97.24162,4.803651,,4.253586,110.224
2,115.4227,1.369165,,8.146711,147.6155
2,35.32925,0,,5.520368,20.13009
2,154.4428,5,,3.235941,143.0376
2,94.74054,4.297266,,9.449295,91.63007
2,121.3092,0,,7.269565,119.5787
2,166.9948,4.793047,,3.108645,195.6573
2,158.362,0,,14.06661,160.0907
2,96.05632,5,0,3.627245,109.4672
2,-6.841679,5.034687,,0.1655044,5.241475
2,37.2991,0,,6.9165,51.64648
2,147.0362,5,,3.03016,145.7553
2,138.0139,5,,4.438766,142.3091
2,204.2129,5,,4.227474,209.9517
2,216.6781,0.7865896,,5.004309,219.6291
2,176.3598,5,,0.6437431,181.733
2,96.82247,0,,12.55534,94.20758
2,-9.025861,5,,3.023793,-16.38305
2,67.65141,0.420378,,11.59361,52.27008
2,13.14251,5,0,0.0063494,21.88952
2,62.02771,5,,3.063528,61.91002
2,7.013217,5,,0.2962255,48.56457
2,29.92701,2.678689,2.133876,2.168248,28.88148
2,6.31983,0,,9.813457,10.85446
2,-0.7695291,1.217584,3.504577,7.037771,-15.06533
2,79.1754,4.361691,,3.797038,71.11897
2,37.49382,5,,4.910019,37.15299
2,154.7227,0,,5.885953,159.4477
2,64.54927,0,,6.994513,52.75172
2,18.30388,5,,3.494533,26.73697
2,108.2167,2.857862,,2.994189,118.0102
2,115.2283,5,0,0.6924006,121.0274
2,55.44482,5,0,3.516981,67.02623
2,175.0796,4.773077,0.2954423,0.8135998,184.7786
2,-6.636049,5,,3.889391,5.948515
2,1.888598,5,,3.208328,1.643925
2,88.59063,0,,14.32936,93.86613
2,219.165,5.193653,,4.141918,216.0986
2,52.24641,1.109694,,10.45779,22.96623
2,129.1793,6.110396,,8.49889,120.785
2,20.24753,3.748035,,2.67848,31.41887
2,72.31277,0,3.256368,7.292686,95.25117
2,44.52411,5,,0.4404935,31.96566
2,36.62508,5.361139,4.109327,7.901903,28.99446
2,105.1039,5,,3.170073,110.8877
2,96.84197,5,,4.540675,80.50616
2,105.7257,8.82606,6.621771,10.81786,117.4539
2,110.1956,5,,3.468933,104.3669
2,148.5478,5,,3.380093,118.8567
2,185.7211,5,,0.2853035,168.1852
2,43.83179,11.84987,,13.64201,34.94154
2,-22.16737,5.207604,1.167419,5.137291,-4.623571
2,10.13486,7.39658,,10.70633,21.40532
2,99.23358,0,,8.953658,81.88192
2,-15.35525,5,0,2.643235,-24.89698
2,115.9459,5,0,0.4633389,121.7091
2,71.07043,0,,9.411394,100.5963
2,71.11483,0,,7.420856,61.53839
2,6.278271,5,,1.51305,-3.348519
2,-2.081109,0,6.839636,11.69096,1.345464
2,229.7325,5,0,1.527577,240.0669
2,39.43415,2.683987,,6.666626,47.22968
2,76.09386,0.4248571,,3.533745,75.02567
2,27.46535,1.175805,,4.345857,30.92355
2,121.3904,2.689952,,4.201748,121.5388
2,74.37665,5,0,1.89951,63.79536
2,9.656863,5,,0.5991266,4.695655
2,239.104,5,0,4.509911,231.9704
2,-9.461892,5,0,3.873481,9.570969
2,148.4054,0,5.04666,5.580956,130.9777
2,164.1863,5,,0.9849557,156.5435
2,56.80172,5,,1.151212,38.96178
2,126.7223,8.935426,,5.471956,132.5796
2,47.37383,5,,2.086052,52.69778
2,77.49173,1.187791,,4.74242,77.33601
2,66.82532,0,,3.371762,80.9302
2,114.7348,5,,4.973453,110.9575
2,172.9514,0,,9.481637,182.6494
2,154.5309,0.3570125,,5.056638,121.5902
2,152.3317,0.5575283,,8.122579,204.7649
2,8.968467,1.949567,,3.106632,-14.6569
2,84.07577,0,,3.322932,90.04982
2,181.2911,2.348188,,5.909948,183.5242
2,96.48405,5,0,0.4765435,107.3843
2,14.58498,5,,2.550537,35.08778
2,177.5581,5,,1.633267,167.7018
2,106.3524,4.009251,,6.224175,116.6428
2,114.4469,12.18392,,13.74251,98.41557
2,-19.30619,5,0,3.717111,-13.70905
2,50.72715,2.42754,,4.450877,31.15643
2,4.426146,4.313615,,4.325904,2.760642
2,79.4346,5,,0.2557907,79.16039
2,216.2304,5,,3.891232,235.4913
2,181.1591,0,,4.817892,194.7007
2,103.4441,4.449532,,1.249179,106.4697
2,77.73458,10.22774,,12.20247,52.9949
2,195.9017,8.302876,,5.916506,168.1446
2,86.65089,5,,3.862031,100.5332
2,53.27944,5,,4.975229,45.69802
2,50.02198,0,2.672469,3.26535,36.86616
2,72.52794,5,,0.931182,53.65452
2,75.84351,0,6.886271,7.965837,51.16087
2,113.5126,0,3.248399,5.044426,160.1243
2,230.7849,0,,6.26754,226.3041
2,82.6761,5,,1.962913,106.2848
2,107.6501,0.9850255,,8.95447,91.56754
2,-3.503148,0,3.036162,3.420423,-9.428288
2,49.05545,3.804133,,6.643577,54.81388
2,69.46394,12.17765,,12.16486,57.34328
2,65.54827,5,,1.993358,66.4057
2,21.15788,0,,4.405732,43.3853
2,-5.273999,5,,3.179883,-15.52474
2,33.12907,5,,1.817978,43.04455
2,168.7318,5.33089,,6.014805,167.9613
2,49.09055,5,,3.693367,50.81401
2,-8.923288,5,0,4.656707,9.660791
2,151.1918,4.138892,,11.43498,128.7935
2,-14.07075,2.02004,,5.70882,-21.68624
2,113.4753,0,,9.024679,132.0862
2,4.51067,0,,3.295356,-6.793977
2,35.83367,0,5.169729,6.950687,38.97894
2,-13.54248,5,,3.278845,-4.837212
2,44.75988,5,0,0.6545677,51.79224
2,148.9722,5,0,1.101711,134.4067
2,109.0223,5,0,3.100025,102.5658
2,120.914,4.962771,6.789995,8.143234,117.7952
2,-11.59739,0,6.782349,9.487322,-20.83805
2,16.69114,0,,8.673206,0.2417762
2,47.65744,5,0,4.457696,43.63147
2,59.68486,7.774684,,12.82235,59.37965
2,10.81264,5.1106,,5.226676,-0.3851464
2,141.788,0,,6.277597,132.9077
2,147.4583,0,,10.41054,146.3726
2,137.2745,0.76793,,5.454069,125.3195
2,152.928,5,,0.2509302,173.8363
2,141.6478,5,,4.078976,162.5283
2,206.4503,4.363957,0.5071394,4.112936,215.6169
2,42.04845,0,,9.593865,38.32549
2,138.5975,2.573612,,7.696257,128.4075
2,108.2772,0,,5.980402,126.2735
2,212.2137,5,,1.381389,195.5052
2,70.51375,0,,13.36659,77.20294
2,61.63773,0,,8.514777,96.09157
2,-13.01412,6.575942,,2.675656,-1.493349
2,138.2111,10.48966,,8.348788,134.9408
2,14.81271,5.261205,0.3514229,1.895025,19.15705
2,90.13882,5,,3.92901,100.0955
2,42.93268,2.888129,,2.596712,44.60812
2,40.52729,5,0,1.277737,18.99132
2,-7.226803,5,,1.422922,4.491458
2,34.82348,5,,2.680575,48.65548
2,113.6599,1.129232,,3.773045,90.8975
2,33.32563,0,,10.73661,46.59233
2,105.1671,5,0,4.090413,136.0397
2,125.222,11.72113,,11.38294,109.0574
2,102.2214,0,10.98544,12.78341,110.48
2,7.908391,1.090397,2.288224,7.22409,13.67069
2,182.7672,0,3.930681,8.377251,184.1633
2,68.56967,5,,0.2471685,86.00372
2,148.4664,5,,3.313464,163.3096
2,148.6289,5,,4.329555,119.0205
2,17.37884,5,0,3.603233,3.341351
2,13.18657,0,6.128201,10.28657,16.57921
2,24.66947,5,0,2.47386,28.03078
2,-15.79262,4.993755,,2.527999,3.402886
2,129.1969,5,,0.0406997,123.9028
2,42.92271,5,,1.228416,58.53183
2,37.61615,1.300542,,5.597097,25.43618
2,108.3923,6.16621,12.69398,14.64568,120.5461
2,81.65207,0,,13.28905,69.80589
2,47.57767,2.468893,,7.225206,54.41128
2,254.1996,1.614757,,5.26487,256.8306
2,-10.26341,0,,7.006347,-16.73517
2,75.28967,0,,6.934614,51.16918
2,132.9351,0,8.314696,9.087255,139.4422
2,-4.091705,4.897655,0.4994847,5.120885,7.038312
2,191.1998,0,,7.317129,189.6023
2,15.1051,0.4031158,,3.676143,12.88852
2,-10.77635,5,,3.659467,9.62648
2,91.65714,0,,13.29571,71.40512
2,8.430806,5,,0.3578681,14.80316
2,-2.99152,5,,1.639786,3.608043
2,108.0164,5,,1.754958,132.188
2,12.22814,0,,7.970031,5.236578
2,108.0203,0,,3.000741,110.4864
2,108.1487,0,,7.32209,109.4558
2,80.60697,4.96264,,2.397657,67.42426
2,89.54781,5,,4.300759,59.18837
2,101.9374,11.70522,,10.79646,118.7668
2,119.056,0,2.951392,5.735735,118.0494
2,85.82278,0.6344048,,9.057859,95.16557
2,59.51624,0,4.321219,6.442526,82.56496
2,139.4456,5,0,3.106952,153.9898
2,6.704942,6.548414,,10.89764,10.65438
2,-6.665182,0,9.01391,11.40332,25.83988
2,213.2982,5,,0.4299353,194.565
2,138.3396,8.526031,,8.777027,139.1486
2,178.6782,5,0,1.479468,172.9924
2,133.7401,0,4.308791,6.683136,122.0742
2,43.68528,5,0,2.785777,53.42859
2,51.83444,5,0,2.38364,96.60334
2,-6.982655,5,,4.07979,15.47951
2,36.69202,4.976891,,5.221772,15.80494
2,7.933407,5,0,2.785469,1.704837
2,71.40353,0,3.166056,5.491382,57.70243
2,7.646333,2.558747,,3.06231,-10.03798
2,153.7357,5,,4.951528,154.1543
2,-7.39348,5,0,0.1825139,7.695501
2,80.90892,7.504264,,8.937698,101.4997
2,-1.958746,5,0,2.173038,-2.886724
2,15.43153,0,4.891283,5.202335,13.7599
2,145.426,4.774623,,8.151963,170.2736
2,138.9188,2.745597,4.343657,7.53266,141.9824
2,137.5751,5.201495,0.5429737,4.074984,126.1633
2,161.6624,3.608795,,4.722818,156.4936
2,63.71308,5,,3.027584,78.53394
2,1.81564,5,0,3.832029,-5.225749
2,74.24392,5,,4.230873,48.6145
2,54.23317,6.842068,5.78846,7.191929,82.34513
2,6.386601,5,0,0.1380379,16.26725
2,51.27308,5,,2.305948,68.08862
2,57.12471,5,,1.038219,46.15647
2,13.85022,5,0,2.9063,10.62291
2,121.0689,5,0,0.3796346,118.7793
2,101.4869,5,,1.815319,114.928
2,127.8661,0,,16.79119,117.0255
2,-10.02585,5,,3.710531,7.138379
2,94.97889,5,,0.8614869,88.49083
2,196.4733,5,,0.7758492,185.9669
2,150.1839,6.711367,1.813125,4.249734,140.9684
2,161.589,0,1.681444,1.687951,162.7434
2,46.0318,0,3.740539,5.385515,21.45763
2,98.44652,0,,8.699093,95.36372
2,77.31774,0,,7.632439,87.50569
2,89.7797,5,,1.794656,94.86924
2,61.60744,5,,4.015193,65.88083
2,224.8229,5,,1.637211,234.7161
2,-9.483648,5,,4.410738,3.482443
2,144.8266,4.900308,,3.08071,145.9344
2,82.37331,5.301967,2.402181,4.429278,81.04819
2,88.66853,0,,9.06054,83.05199
2,37.37558,5,0,3.652318,6.281425
2,105.5606,5,0,0.1508547,86.67772
2,3.212657,5,0,1.388413,7.828382
2,73.19127,5.376115,,0.8366341,68.60493
2,101.6485,4.581548,,12.05977,93.74561
2,81.32035,3.003012,,9.185164,109.9492
2,2.782671,5,,0.2132329,59.68356
2,-10.59507,2.000532,,9.637403,7.691576
2,20.43486,5,,0.9639371,39.47911
2,56.1008,5,,3.80988,77.19628
2,120.7518,5,0,3.402306,132.4595
2,63.21545,0,,6.923528,49.33258
2,62.57747,4.695772,1.938127,2.696427,62.89566
2,104.2104,5,0,0.4347002,114.1212
2,78.46322,2.041985,,6.688926,65.80779
2,169.6733,5,,1.01171,175.0299
2,122.427,5,0,1.139601,117.0814
2,110.7234,0,5.422611,9.307447,107.0501
2,108.8276,0.3918326,,4.40558,112.8668
2,71.49906,0,,7.619893,65.16289
2,267.4752,4.566773,,3.330338,284.4485
2,101.5853,5.297386,,1.897466,106.226
2,76.16061,0.683341,,5.457133,46.3571
2,141.4647,0,,6.584644,160.8384
2,127.2133,5,,0.3333948,135.3789
2,2.521054,0,,7.238623,20.40641
2,205.2993,5,,1.060351,217.6908
2,185.4306,1.767524,,8.597706,174.3511
2,20.3934,0,4.891945,6.606102,47.48756
2,13.38281,5,0,1.198403,-5.250216
2,101.2971,0,5.054446,6.142758,101.4494
2,25.08731,5.081608,,7.414282,21.43253
2,63.26549,0,,5.784513,67.96065
2,1.631226,7.316778,,6.062772,-1.220591
2,10.43898,0,,4.576037,-7.056785
2,-8.964705,5,,0.7034969,-18.80733
2,117.3646,0,,3.50986,111.3939
2,144.6363,5,,4.844395,150.3788
2,53.47834,5.574733,5.204064,10.16953,39.1389
2,74.11179,5,,2.708887,85.83967
2,18.68427,5,,4.707936,-1.513151
2,173.1993,5,,2.899348,192.8747
2,155.8218,5,,0.5569223,150.5864
2,56.8944,4.974137,,8.349375,78.29116
2,120.7271,0,7.001503,8.820326,121.1361
2,26.9275,5,,2.155581,18.79259
2,6.43337,0,,7.196648,-2.19732
2,104.0006,1.140355,,7.351919,105.2496
2,125.7083,3.07106,,2.521958,115.3987
2,134.6498,4.262468,,5.630525,143.9734
2,174.6582,6.20068,2.588794,5.878147,166.6433
2,177.846,5,,1.634451,151.1345
2,86.62508,0,3.515395,7.339407,87.71165
2,154.8451,1.104481,,6.497146,170.0656
2,60.10628,5,0,0.2693909,73.40549
2,112.9941,6.407225,,8.188354,103.1984
2,-8.11347,5,,2.288774,-8.312859
2,50.51286,5,,3.808354,64.03465
2,147.3491,5,0,0.2415738,147.7462
2,117.3716,5,0,0.5087432,103.0054
2,183.4041,0,,8.105984,149.9085
2,-7.144203,5.073292,,5.64224,-13.15884
2,35.53723,0,2.810752,6.672351,15.32792
2,282.9164,5,0,3.552859,268.9278